County,Name,Code,Hispanic or Latino of Any Race,"American Indian or Alaska Native, Not Hispanic","Asian, Not Hispanic","Pacific Islander, Not Hispanic","Filipino, Not Hispanic","African American, Not Hispanic","White, Not Hispanic","Two or More Races, Not Hispanic",Not Reported,Adjusted Grade 9-12 Dropout Total,Grade 9-12 Enrollment Total,Annual Adjusted Grade 9-12 Dropout Rate
Alameda,Alameda County Office of Education,110017,130,6,15,6,1,149,42,15,1,365,1337,27.3%
Alameda,Alameda Unified,161119,16,2,21,1,4,35,17,1,1,98,3672,2.7%
Alameda,Albany City Unified,161127,6,0,3,0,0,3,5,1,1,19,1245,1.5%
Alameda,Berkeley Unified,161143,28,3,4,1,1,52,26,10,10,135,3466,3.9%
Alameda,California School for the Blind (State Special Sch,131609,0,0,0,0,0,0,0,0,0,0,58,0
Alameda,California School for the Deaf-Fremont (State Spec,131617,1,0,0,0,0,0,0,0,0,1,236,0.4%
Alameda,Castro Valley Unified,161150,12,0,1,0,0,3,3,0,0,19,3108,0.6%
Alameda,Dublin Unified,175093,4,0,0,0,0,2,2,2,0,10,1734,0.6%
Alameda,Emery Unified,161168,2,0,1,0,0,6,0,0,0,9,212,4.2%
Alameda,Fremont Unified,161176,56,2,80,3,11,11,56,4,1,224,10104,2.2%
Alameda,Hayward Unified,161192,183,5,5,7,16,74,29,5,1,325,5971,5.4%
Alameda,Livermore Valley Joint Unified,161200,41,1,3,0,0,6,31,1,1,84,4327,1.9%
Alameda,Mountain House Elementary,161218,0,0,0,0,0,0,0,0,0,0,0,**
Alameda,New Haven Unified,161242,42,0,9,6,13,21,11,4,0,106,4371,2.4%
Alameda,Newark Unified,161234,25,0,4,2,1,7,4,4,0,47,2071,2.3%
Alameda,Oakland Unified,161259,380,14,117,8,5,454,33,6,21,1038,12151,8.5%
Alameda,Piedmont City Unified,161275,2,0,0,0,0,0,2,0,0,4,831,0.5%
Alameda,Pleasanton Unified,175101,13,0,3,1,0,4,15,1,0,37,5048,0.7%
Alameda,San Leandro Unified,161291,44,3,6,2,6,26,9,0,0,96,2884,3.3%
Alameda,San Lorenzo Unified,161309,72,0,11,2,2,25,16,0,1,129,4210,3.1%
Alameda,SBE - Livermore Valley Charter,176372,0,0,0,0,0,0,0,0,0,0,0,**
Alameda,SBE - Livermore Valley Charter Preparatory High,176653,0,0,0,0,0,0,0,0,0,0,190,0
Alameda,Sunol Glen Unified,175119,0,0,0,0,0,0,0,0,0,0,0,**
Alpine,Alpine County Unified,261333,0,0,0,0,0,0,0,0,0,0,3,0
Amador,Amador County Office of Education,310033,0,0,0,0,0,1,6,0,0,7,85,8.2%
Amador,Amador County Unified,373981,7,1,0,0,1,0,20,2,0,31,1357,2.3%
Amador,CEA Amador Co,332276,0,0,0,0,0,0,0,0,0,0,30,0
Butte,Bangor Union Elementary,461382,0,0,0,0,0,0,0,0,0,0,0,**
Butte,Bayshore Elementary,4168858,0,0,0,0,0,0,0,0,0,0,14,0
Butte,Biggs Unified,461408,2,0,0,0,0,0,2,0,0,4,172,2.3%
Butte,Butte County Office of Education,410041,12,5,2,0,0,0,27,4,0,50,513,9.7%
Butte,Chico Unified,461424,24,10,6,0,0,9,74,2,3,128,4400,2.9%
Butte,Durham Unified,461432,1,0,0,0,0,0,0,0,0,1,358,0.3%
Butte,Feather Falls Union Elementary,461440,0,0,0,0,0,0,2,0,0,2,30,6.7%
Butte,Golden Feather Union Elementary,461457,1,1,0,0,0,0,2,0,0,4,12,33.3%
Butte,Gridley Unified,475507,7,1,0,0,0,0,8,0,2,18,712,2.5%
Butte,Grossmont Union High,3768130,1,0,0,0,0,0,6,0,0,7,245,2.9%
Butte,Manzanita Elementary,461499,0,0,0,0,0,0,0,0,0,0,0,**
Butte,Oroville City Elementary,461507,0,0,0,0,0,0,0,0,0,0,0,**
Butte,Oroville Union High,461515,10,6,5,1,0,5,45,0,0,72,2614,2.8%
Butte,Palermo Union Elementary,461523,0,0,0,0,0,0,0,0,0,0,0,**
Butte,Paradise Unified,461531,5,0,0,0,1,1,33,3,0,43,1383,3.1%
Butte,Pioneer Union Elementary,473379,0,0,0,0,0,0,0,0,0,0,0,**
Butte,Stockton Unified,3968676,3,2,3,0,0,3,7,0,3,21,137,15.3%
Butte,Thermalito Union Elementary,461549,0,0,0,0,0,0,0,0,0,0,0,**
Butte,West Contra Costa Unified,761796,0,0,0,0,0,0,0,0,0,0,4,0
Calaveras,Bret Harte Union High,561556,2,0,1,0,0,0,2,1,0,6,781,0.8%
Calaveras,Calaveras County Office of Education,510058,2,3,0,0,0,0,7,1,0,13,278,4.7%
Calaveras,Calaveras Unified,561564,5,0,1,0,0,1,15,1,0,23,1099,2.1%
Calaveras,Mark Twain Union Elementary,561572,0,0,0,0,0,0,0,0,0,0,0,**
Calaveras,Vallecito Union,561580,0,0,0,0,0,0,0,0,0,0,0,**
Colusa,Colusa County Office of Education,610066,0,0,0,0,0,0,0,0,0,0,15,0
Colusa,Colusa Unified,661598,20,0,0,0,0,1,6,0,0,27,435,6.2%
Colusa,Maxwell Unified,661606,2,0,0,0,0,0,1,0,0,3,128,2.3%
Colusa,Pierce Joint Unified,661614,2,0,1,0,0,0,2,0,0,5,370,1.4%
Colusa,Williams Unified,661622,11,0,0,0,0,0,2,0,0,13,383,3.4%
Contra Costa,Acalanes Union High,761630,3,0,1,0,0,5,10,0,1,20,5402,0.4%
Contra Costa,Antioch Unified,761648,75,1,3,5,4,101,52,6,1,248,6141,4%
Contra Costa,Brentwood Union Elementary,761655,0,0,0,0,0,0,0,0,0,0,0,**
Contra Costa,Byron Union Elementary,761663,0,0,0,0,0,0,0,0,0,0,0,**
Contra Costa,Canyon Elementary,761671,0,0,0,0,0,0,0,0,0,0,0,**
Contra Costa,Contra Costa County Office of Education,710074,35,2,1,4,0,45,11,0,3,101,668,15.1%
Contra Costa,John Swett Unified,761697,4,0,4,0,1,1,6,1,0,17,533,3.2%
Contra Costa,Knightsen Elementary,761705,0,0,0,0,0,0,0,0,0,0,0,**
Contra Costa,Lafayette Elementary,761713,0,0,0,0,0,0,0,0,0,0,0,**
Contra Costa,Liberty Union High,761721,39,1,2,2,1,11,32,1,0,89,7604,1.2%
Contra Costa,Martinez Unified,761739,15,1,0,0,0,2,22,1,0,41,1486,2.8%
Contra Costa,Moraga Elementary,761747,0,0,0,0,0,0,0,0,0,0,0,**
Contra Costa,Mt. Diablo Unified,761754,168,1,15,0,9,34,107,8,8,350,10638,3.3%
Contra Costa,Oakley Union Elementary,761762,0,0,0,0,0,0,0,0,0,0,0,**
Contra Costa,Orinda Union Elementary,761770,0,0,0,0,0,0,0,0,0,0,0,**
Contra Costa,Pittsburg Unified,761788,97,0,3,6,2,49,21,0,1,179,2984,6%
Contra Costa,San Ramon Valley Unified,761804,7,0,1,0,0,1,7,1,0,17,9178,0.2%
Contra Costa,Walnut Creek Elementary,761812,0,0,0,0,0,0,0,0,0,0,0,**
Contra Costa,West Contra Costa Unified,761796,246,1,29,3,10,122,35,3,7,456,8528,5.3%
Del Norte,Del Norte County Office of Education,810082,6,6,0,0,1,0,24,0,0,37,310,11.9%
Del Norte,Del Norte County Unified,861820,1,0,5,0,0,0,9,0,0,15,1109,1.4%
El Dorado,Black Oak Mine Unified,973783,0,0,0,0,0,0,4,0,0,4,583,0.7%
El Dorado,Buckeye Union Elementary,961838,0,0,0,0,0,0,0,0,0,0,0,**
El Dorado,Camino Union Elementary,961846,0,0,0,0,0,0,0,0,0,0,0,**
El Dorado,El Dorado County Office of Education,910090,25,3,0,1,0,10,24,0,0,63,596,10.6%
El Dorado,El Dorado Union High,961853,4,1,0,0,0,0,35,1,0,41,6905,0.6%
El Dorado,Gold Oak Union Elementary,961879,0,0,0,0,0,0,0,0,0,0,0,**
El Dorado,Gold Trail Union Elementary,961887,0,0,0,0,0,0,0,0,0,0,0,**
El Dorado,Indian Diggings Elementary,961895,0,0,0,0,0,0,0,0,0,0,0,**
El Dorado,Lake Tahoe Unified,961903,11,1,1,0,2,2,8,0,0,25,1210,2.1%
El Dorado,Latrobe,961911,0,0,0,0,0,0,0,0,0,0,0,**
El Dorado,Mother Lode Union Elementary,961929,0,0,0,0,0,0,0,0,0,0,0,**
El Dorado,Pioneer Union Elementary,961945,0,0,0,0,0,0,0,0,0,0,0,**
El Dorado,Placerville Union Elementary,961952,0,0,0,0,0,0,0,0,0,0,0,**
El Dorado,Pollock Pines Elementary,961960,0,0,0,0,0,0,0,0,0,0,0,**
El Dorado,Rescue Union Elementary,961978,0,0,0,0,0,0,0,0,0,0,0,**
El Dorado,SBC - Aspire Public Schools,976489,0,0,0,0,0,0,0,0,0,0,40,0
El Dorado,SBC - Pacific Technology,976596,0,0,0,0,0,0,0,0,0,0,36,0
El Dorado,Silver Fork Elementary,961986,0,0,0,0,0,0,0,0,0,0,0,**
Fresno,Alvina Elementary,1061994,0,0,0,0,0,0,0,0,0,0,0,**
Fresno,Big Creek Elementary,1062026,0,0,0,0,0,0,0,0,0,0,0,**
Fresno,Burrel Union Elementary,1062042,0,0,0,0,0,0,0,0,0,0,0,**
Fresno,Caruthers Unified,1075598,3,0,0,0,0,0,0,0,0,3,541,0.6%
Fresno,Central Unified,1073965,104,3,14,2,1,25,37,1,3,190,4366,4.4%
Fresno,Clay Joint Elementary,1062109,0,0,0,0,0,0,0,0,0,0,0,**
Fresno,Clovis Unified,1062117,63,5,20,0,2,13,88,1,0,192,12193,1.6%
Fresno,Coalinga-Huron Joint Unified,1062125,45,0,0,0,0,0,10,0,0,55,1185,4.6%
Fresno,Firebaugh-Las Deltas Unified,1073809,12,0,0,0,0,0,0,0,0,12,689,1.7%
Fresno,Fowler Unified,1062158,5,0,1,0,0,0,1,0,0,7,710,1%
Fresno,Fresno County Office of Education,1010108,329,7,27,2,0,84,65,0,5,519,1244,41.7%
Fresno,Fresno Unified,1062166,808,17,115,2,3,186,154,5,4,1294,22041,5.9%
Fresno,Golden Plains Unified,1075234,28,0,0,0,0,0,0,0,0,28,497,5.6%
Fresno,Kerman Unified,1073999,31,0,0,0,0,0,2,0,0,33,1291,2.6%
Fresno,Kings Canyon Joint Unified,1062265,28,1,0,0,0,1,5,0,0,35,3033,1.2%
Fresno,Kingsburg Elementary Charter,1062240,0,0,0,0,0,0,0,0,0,0,0,**
Fresno,Kingsburg Joint Union High,1062257,10,0,2,0,0,0,6,0,0,18,1154,1.6%
Fresno,Laton Joint Unified,1062281,6,0,0,0,0,0,0,0,3,9,207,4.3%
Fresno,Mendota Unified,1075127,34,0,0,0,0,0,0,0,1,35,742,4.7%
Fresno,Monroe Elementary,1062323,0,0,0,0,0,0,0,0,0,0,0,**
Fresno,Orange Center,1062331,2,0,0,0,0,2,0,0,0,4,7,57.1%
Fresno,Pacific Union Elementary,1062356,0,0,0,0,0,0,0,0,0,0,0,**
Fresno,Parlier Unified,1062364,39,0,0,0,0,0,1,0,0,40,847,4.7%
Fresno,Pine Ridge Elementary,1062372,0,0,0,0,0,0,0,0,0,0,0,**
Fresno,Raisin City Elementary,1062380,43,1,1,0,0,4,17,0,0,66,169,39.1%
Fresno,Riverdale Joint Unified,1075408,4,0,0,0,0,0,0,0,0,4,553,0.7%
Fresno,Sanger Unified,1062414,16,0,2,0,0,0,2,0,0,20,3155,0.6%
Fresno,Selma Unified,1062430,25,0,3,0,0,0,4,0,0,32,1851,1.7%
Fresno,Sierra Unified,1075275,2,2,0,0,0,0,6,0,0,10,639,1.6%
Fresno,Washington Colony Elementary,1062513,0,0,0,0,0,0,0,0,0,0,0,**
Fresno,Washington Unified,1076778,64,2,4,0,0,26,5,0,0,101,1416,7.1%
Fresno,West Park Elementary,1062539,63,3,0,0,0,0,8,0,1,75,336,22.3%
Fresno,Westside Elementary,1062547,105,3,6,1,0,12,45,0,0,172,379,45.4%
Glenn,Capay Joint Union Elementary,1162554,0,0,0,0,0,0,0,0,0,0,0,**
Glenn,Glenn County Office of Education,1110116,4,1,0,0,0,0,14,2,1,22,118,18.6%
Glenn,Hamilton Unified,1176562,7,0,0,0,0,0,0,0,0,7,311,2.3%
Glenn,Lake Elementary,1162596,0,0,0,0,0,0,0,0,0,0,0,**
Glenn,Orland Joint Unified,1175481,9,0,0,0,0,0,9,0,1,19,726,2.6%
Glenn,Plaza Elementary,1162638,0,0,0,0,0,0,0,0,0,0,0,**
Glenn,Princeton Joint Unified,1162646,1,0,0,0,0,0,0,0,0,1,78,1.3%
Glenn,Stony Creek Joint Unified,1162653,0,1,0,0,0,0,0,0,0,1,35,2.9%
Glenn,Willows Unified,1162661,14,1,0,0,0,0,3,1,0,19,508,3.7%
Humboldt,Arcata Elementary,1262679,0,0,0,0,0,0,0,0,0,0,0,**
Humboldt,Big Lagoon Union Elementary,1262695,0,0,0,0,0,0,0,0,0,0,0,**
Humboldt,Blue Lake Union Elementary,1262703,0,0,0,0,0,0,0,0,0,0,0,**
Humboldt,Bridgeville Elementary,1262729,0,0,0,0,0,0,0,0,0,0,0,**
Humboldt,Cuddeback Union Elementary,1262737,0,0,0,0,0,0,0,0,0,0,0,**
Humboldt,Eureka City Schools,1275515,8,1,1,0,0,0,18,1,0,29,1398,2.1%
Humboldt,Ferndale Unified,1275374,1,0,0,1,0,0,2,0,0,4,138,2.9%
Humboldt,Fieldbrook Elementary,1262794,0,0,0,0,0,0,0,0,0,0,0,**
Humboldt,Fortuna Union Elementary,1262802,0,0,0,0,0,0,0,0,0,0,0,**
Humboldt,Fortuna Union High,1262810,6,1,0,1,0,0,9,3,0,20,1149,1.7%
Humboldt,Freshwater Elementary,1262828,0,0,0,0,0,0,0,0,0,0,0,**
Humboldt,Green Point Elementary,1262851,0,0,0,0,0,0,0,0,0,0,0,**
Humboldt,Humboldt County Office of Education,1210124,9,10,2,1,0,6,71,2,1,102,371,27.5%
Humboldt,Hydesville Elementary,1262885,0,0,0,0,0,0,0,0,0,0,0,**
Humboldt,Jacoby Creek Elementary,1262893,0,0,0,0,0,0,0,0,0,0,0,**
Humboldt,Klamath-Trinity Joint Unified,1262901,0,11,0,0,0,0,1,0,0,12,285,4.2%
Humboldt,Kneeland Elementary,1262919,0,0,0,0,0,0,0,0,0,0,0,**
Humboldt,Loleta Union Elementary,1262927,1,2,0,0,0,0,5,1,0,9,92,9.8%
Humboldt,Maple Creek Elementary,1262935,0,0,0,0,0,0,0,0,0,0,0,**
Humboldt,Mattole Unified,1275382,3,6,0,1,0,0,6,2,0,18,217,8.3%
Humboldt,McKinleyville Union Elementary,1262950,0,0,0,0,0,0,0,0,0,0,0,**
Humboldt,Northern Humboldt Union High,1262687,1,5,0,0,0,2,14,2,9,33,1623,2%
Humboldt,Orick Elementary,1262968,0,0,0,0,0,0,0,0,0,0,0,**
Humboldt,Pacific Union Elementary,1262976,0,0,0,0,0,0,0,0,0,0,0,**
Humboldt,Peninsula Union,1262984,0,0,0,0,0,0,0,0,0,0,0,**
Humboldt,Rio Dell Elementary,1263008,0,0,0,0,0,0,0,0,0,0,0,**
Humboldt,Rohnerville Elementary,1263016,0,0,0,0,0,0,0,0,0,0,0,**
Humboldt,Scotia Union Elementary,1263024,0,0,0,0,0,0,0,0,0,0,0,**
Humboldt,South Bay Union Elementary,1263032,1,0,0,0,0,0,4,1,0,6,78,7.7%
Humboldt,Southern Humboldt Joint Unified,1263040,1,3,0,0,0,0,4,0,0,8,229,3.5%
Humboldt,Trinidad Union Elementary,1263057,0,0,0,0,0,0,0,0,0,0,0,**
Imperial,Brawley Elementary,1363073,0,0,0,0,0,0,0,0,0,0,0,**
Imperial,Brawley Union High,1363081,19,0,0,0,0,0,3,0,0,22,1808,1.2%
Imperial,Calexico Unified,1363099,97,0,0,0,0,0,0,0,0,97,3166,3.1%
Imperial,Calipatria Unified,1363107,2,0,0,0,0,0,1,0,0,3,337,0.9%
Imperial,Central Union High,1363115,55,0,0,0,0,2,1,0,0,58,4050,1.4%
Imperial,El Centro Elementary,1363123,0,0,0,0,0,0,0,0,0,0,0,**
Imperial,Heber Elementary,1363131,0,0,0,0,0,0,0,0,0,0,0,**
Imperial,Holtville Unified,1363149,4,0,0,0,0,0,1,0,0,5,556,0.9%
Imperial,Imperial County Office of Education,1310132,54,0,0,0,0,2,1,0,0,57,364,15.7%
Imperial,Imperial Unified,1363164,2,0,0,0,0,0,1,0,0,3,1061,0.3%
Imperial,Magnolia Union Elementary,1363172,0,0,0,0,0,0,0,0,0,0,0,**
Imperial,McCabe Union Elementary,1363180,0,0,0,0,0,0,0,0,0,0,0,**
Imperial,Meadows Union Elementary,1363198,0,0,0,0,0,0,0,0,0,0,0,**
Imperial,Mulberry Elementary,1363206,0,0,0,0,0,0,0,0,0,0,0,**
Imperial,San Pasqual Valley Unified,1363214,2,9,0,0,0,0,0,1,0,12,190,6.3%
Imperial,Seeley Union Elementary,1363222,0,0,0,0,0,0,0,0,0,0,0,**
Imperial,Westmorland Union Elementary,1363230,0,0,0,0,0,0,0,0,0,0,0,**
Inyo,Big Pine Unified,1463248,0,0,0,0,0,0,0,0,0,0,54,0
Inyo,Bishop Unified,1476687,22,13,1,0,0,0,42,0,2,80,772,10.4%
Inyo,Death Valley Unified,1463271,0,1,0,0,0,0,0,0,0,1,24,4.2%
Inyo,Inyo County Office of Education,1410140,757,2,13,2,2,356,33,0,1,1166,1430,81.5%
Inyo,Lone Pine Unified,1463289,1,0,1,0,0,0,0,0,0,2,115,1.7%
Inyo,Owens Valley Unified,1463297,0,0,0,0,0,0,0,0,0,0,17,0
Inyo,Round Valley Joint Elementary,1463305,0,0,0,0,0,0,0,0,0,0,0,**
Kern,Arvin Union,1563313,0,0,0,0,0,0,0,0,0,0,61,0
Kern,Bakersfield City,1563321,0,0,0,0,0,0,0,0,0,0,0,**
Kern,Beardsley Elementary,1563339,0,0,0,0,0,0,0,0,0,0,0,**
Kern,Belridge Elementary,1563347,0,0,0,0,0,0,0,0,0,0,0,**
Kern,Blake Elementary,1563354,0,0,0,0,0,0,0,0,0,0,0,**
Kern,Buttonwillow Union Elementary,1563370,0,0,0,0,0,0,0,0,0,0,6,0
Kern,Caliente Union Elementary,1563388,0,0,0,0,0,0,0,0,0,0,0,**
Kern,Delano Joint Union High,1563412,60,0,0,0,4,0,2,0,1,67,4340,1.5%
Kern,Delano Union Elementary,1563404,0,0,0,0,0,0,0,0,0,0,5,0
Kern,Di Giorgio Elementary,1563420,0,0,0,0,0,0,0,0,0,0,0,**
Kern,Edison Elementary,1563438,0,0,0,0,0,0,0,0,0,0,3,0
Kern,El Tejon Unified,1575168,3,1,0,0,0,0,9,0,3,16,368,4.3%
Kern,Elk Hills Elementary,1563446,0,0,0,0,0,0,0,0,0,0,0,**
Kern,Fairfax Elementary,1563461,0,0,0,0,0,0,0,0,0,0,0,**
Kern,Fruitvale Elementary,1563479,0,0,0,0,0,0,0,0,0,0,0,**
Kern,General Shafter Elementary,1563487,0,0,0,0,0,0,0,0,0,0,0,**
Kern,Greenfield Union,1563503,0,0,0,0,0,0,0,0,0,0,0,**
Kern,Kern County Office of Education,1510157,481,7,1,3,6,116,200,2,0,816,2122,38.5%
Kern,Kern Union High,1563529,965,12,29,5,8,144,318,16,7,1504,37505,4%
Kern,Kernville Union Elementary,1563545,0,0,0,0,0,0,0,0,0,0,0,**
Kern,Lakeside Union,1563552,0,0,0,0,0,0,0,0,0,0,0,**
Kern,Lamont Elementary,1563560,0,0,0,0,0,0,0,0,0,0,0,**
Kern,Linns Valley-Poso Flat Union,1563586,0,0,0,0,0,0,0,0,0,0,0,**
Kern,Lost Hills Union Elementary,1563594,0,0,0,0,0,0,0,0,0,0,0,**
Kern,Maple Elementary,1563610,0,0,0,0,0,0,0,0,0,0,0,**
Kern,Maricopa Unified,1563628,11,0,0,0,0,2,13,0,1,27,269,10%
Kern,McFarland Unified,1573908,57,0,0,0,0,0,3,0,0,60,881,6.8%
Kern,McKittrick Elementary,1563651,0,0,0,0,0,0,0,0,0,0,0,**
Kern,Midway Elementary,1563669,0,0,0,0,0,0,0,0,0,0,0,**
Kern,Mojave Unified,1563677,14,0,0,0,0,18,11,1,0,44,721,6.1%
Kern,Muroc Joint Unified,1563685,0,0,0,0,0,3,3,0,0,6,579,1%
Kern,Norris Elementary,1563693,0,0,0,0,0,0,0,0,0,0,0,**
Kern,Panama-Buena Vista Union,1563362,0,0,0,0,0,0,0,0,0,0,0,**
Kern,Pond Union Elementary,1563719,0,0,0,0,0,0,0,0,0,0,0,**
Kern,Richland Union Elementary,1563578,0,0,0,0,0,0,0,0,0,0,0,**
Kern,Rio Bravo-Greeley Union Elementary,1573544,0,0,0,0,0,0,0,0,0,0,0,**
Kern,Rosedale Union Elementary,1563750,0,0,0,0,0,0,0,0,0,0,0,**
Kern,SBE - Ridgecrest Charter,1575630,0,0,0,0,0,0,0,0,0,0,0,**
Kern,Semitropic Elementary,1563768,23,0,2,0,0,9,22,0,2,58,285,20.4%
Kern,Sierra Sands Unified,1573742,7,0,0,0,0,4,12,0,0,23,1580,1.5%
Kern,South Fork Union,1563784,0,0,0,0,0,0,0,0,0,0,0,**
Kern,Southern Kern Unified,1563776,18,1,0,0,0,11,19,0,11,60,937,6.4%
Kern,Standard Elementary,1563792,0,0,0,0,0,0,0,0,0,0,0,**
Kern,Taft City,1563800,0,0,0,0,0,0,0,0,0,0,0,**
Kern,Taft Union High,1563818,0,0,0,0,0,0,1,0,0,1,1042,0.1%
Kern,Tehachapi Unified,1563826,23,1,1,0,1,1,39,0,1,67,1492,4.5%
Kern,Vineland Elementary,1563834,0,0,0,0,0,0,0,0,0,0,2,0
Kern,Wasco Union Elementary,1563842,0,0,0,0,0,0,0,0,0,0,0,**
Kern,Wasco Union High,1563859,25,0,0,0,0,1,2,0,0,28,1773,1.6%
Kings,Armona Union Elementary,1663875,142,3,6,3,2,61,38,8,3,266,713,37.3%
Kings,Central Union Elementary,1663883,0,0,0,0,0,0,0,0,0,0,0,**
Kings,Corcoran Joint Unified,1663891,35,1,0,0,0,2,13,0,2,53,1074,4.9%
Kings,Hanford Elementary,1663917,0,0,0,0,0,0,0,0,0,0,0,**
Kings,Hanford Joint Union High,1663925,80,1,1,0,1,7,17,0,0,107,3801,2.8%
Kings,Island Union Elementary,1663933,0,0,0,0,0,0,0,0,0,0,0,**
Kings,Kings County Office of Education,1610165,39,4,0,0,1,7,7,0,1,59,253,23.3%
Kings,Kings River-Hardwick Union Elementary,1663941,0,0,0,0,0,0,0,0,0,0,0,**
Kings,Kit Carson Union Elementary,1663958,0,0,0,0,0,0,0,0,0,0,0,**
Kings,Lakeside Union Elementary,1663966,0,0,0,0,0,0,0,0,0,0,0,**
Kings,Lemoore Union Elementary,1663974,0,0,0,0,0,0,0,0,0,0,0,**
Kings,Lemoore Union High,1663982,35,5,0,1,2,5,23,0,0,71,2254,3.1%
Kings,Pioneer Union Elementary,1663990,0,0,0,0,0,0,0,0,0,0,0,**
Kings,Reef-Sunset Unified,1673932,27,0,0,0,0,0,1,0,0,28,665,4.2%
Lake,Kelseyville Unified,1764014,1,1,0,0,0,0,5,0,3,10,592,1.7%
Lake,Konocti Unified,1764022,9,2,0,0,0,0,21,2,0,34,945,3.6%
Lake,Lake County Office of Education,1710173,2,4,0,0,0,0,8,0,0,14,46,30.4%
Lake,Lakeport Unified,1764030,2,2,0,0,0,4,3,0,0,11,552,2%
Lake,Lucerne Elementary,1764048,0,0,0,0,0,0,0,0,0,0,0,**
Lake,Middletown Unified,1764055,0,1,0,1,0,1,6,1,1,11,544,2%
Lake,Upper Lake Union Elementary,1764063,0,0,0,0,0,0,0,0,0,0,0,**
Lake,Upper Lake Union High,1764071,1,1,0,0,0,0,2,0,0,4,363,1.1%
Lassen,Big Valley Joint Unified,1864089,1,0,0,0,0,0,0,0,0,1,76,1.3%
Lassen,Fort Sage Unified,1875036,2,1,0,0,0,0,5,0,0,8,132,6.1%
Lassen,Janesville Union Elementary,1864105,0,0,0,0,0,0,0,0,0,0,0,**
Lassen,Johnstonville Elementary,1864113,0,0,0,0,0,0,0,0,0,0,0,**
Lassen,Lassen County Office of Education,1810181,0,0,0,0,0,0,2,1,0,3,21,14.3%
Lassen,Lassen Union High,1864139,2,2,0,0,0,0,20,0,0,24,975,2.5%
Lassen,Ravendale-Termo Elementary,1864162,1,0,0,0,0,0,3,0,0,4,93,4.3%
Lassen,Richmond Elementary,1864170,0,0,0,0,0,0,0,0,0,0,0,**
Lassen,SBE - Long Valley Charter,1876729,2,2,0,1,0,0,19,0,0,24,212,11.3%
Lassen,Shaffer Union Elementary,1864188,0,0,0,0,0,0,0,0,0,0,0,**
Lassen,Susanville Elementary,1864196,0,0,0,0,0,0,0,0,0,0,0,**
Lassen,Westwood Unified,1864204,6,4,0,0,0,0,16,0,0,26,214,12.1%
Los Angeles,ABC Unified,1964212,47,1,8,0,1,6,5,0,0,68,6893,1%
Los Angeles,Acton-Agua Dulce Unified,1975309,3,0,0,0,0,0,16,0,4,23,509,4.5%
Los Angeles,Alhambra Unified,1975713,75,1,82,0,3,0,2,0,0,163,8086,2%
Los Angeles,Antelope Valley Union High,1964246,853,19,15,7,5,416,301,5,14,1635,25536,6.4%
Los Angeles,Arcadia Unified,1964261,0,0,0,0,0,0,1,0,0,1,3697,0%
Los Angeles,Azusa Unified,1964279,41,0,0,0,0,1,3,0,0,45,3110,1.4%
Los Angeles,Baldwin Park Unified,1964287,636,6,10,5,2,74,43,13,1,790,8613,9.2%
Los Angeles,Bassett Unified,1964295,15,0,0,0,0,0,1,0,0,16,1236,1.3%
Los Angeles,Bellflower Unified,1964303,77,2,3,1,1,22,7,2,0,115,4629,2.5%
Los Angeles,Beverly Hills Unified,1964311,0,0,2,0,1,1,8,0,0,12,2006,0.6%
Los Angeles,Bonita Unified,1964329,27,1,3,1,0,5,16,3,0,56,3470,1.6%
Los Angeles,Burbank Unified,1964337,139,0,7,0,1,8,63,5,2,225,6942,3.2%
Los Angeles,Castaic Union,1964345,0,0,0,0,0,0,0,0,0,0,0,**
Los Angeles,CEA Los Angeles Co,1932276,0,0,0,0,0,0,0,0,0,0,58,0
Los Angeles,Centinela Valley Union High,1964352,363,0,6,6,0,73,11,4,12,475,6635,7.2%
Los Angeles,Charter Oak Unified,1964378,16,0,0,0,0,1,3,0,0,20,2055,1%
Los Angeles,Claremont Unified,1964394,5,0,1,0,0,0,7,0,0,13,2520,0.5%
Los Angeles,Compton Unified,1973437,421,0,1,3,0,128,1,2,41,597,6212,9.6%
Los Angeles,Covina-Valley Unified,1964436,68,1,0,0,1,5,9,0,0,84,5108,1.6%
Los Angeles,Culver City Unified,1964444,42,5,3,0,0,15,12,1,0,78,2354,3.3%
Los Angeles,Downey Unified,1964451,100,0,1,0,1,10,6,0,0,118,8387,1.4%
Los Angeles,Duarte Unified,1964469,15,0,0,0,0,1,5,1,0,22,1273,1.7%
Los Angeles,East Whittier City Elementary,1964485,0,0,0,0,0,0,0,0,0,0,0,**
Los Angeles,Eastside Union Elementary,1964477,0,0,0,0,0,0,0,0,0,0,1,0
Los Angeles,El Monte City,1964501,0,0,0,0,0,0,0,0,0,0,0,**
Los Angeles,El Monte Union High,1964519,169,0,12,0,0,5,5,1,2,194,10056,1.9%
Los Angeles,El Rancho Unified,1964527,74,0,1,0,0,0,1,0,2,78,3313,2.4%
Los Angeles,El Segundo Unified,1964535,5,0,0,0,0,2,5,1,1,14,1246,1.1%
Los Angeles,Garvey Elementary,1964550,0,0,0,0,0,0,0,0,0,0,0,**
Los Angeles,Glendale Unified,1964568,42,1,5,0,1,4,50,1,0,104,9287,1.1%
Los Angeles,Glendora Unified,1964576,5,0,1,0,0,0,8,0,1,15,2568,0.6%
Los Angeles,Gorman Elementary,1964584,16,1,0,1,0,4,29,0,1,52,657,7.9%
Los Angeles,Hacienda la Puente Unified,1973445,133,0,14,0,2,1,8,0,0,158,6876,2.3%
Los Angeles,Hawthorne,1964592,1,0,0,0,0,0,0,0,0,1,595,0.2%
Los Angeles,Hermosa Beach City Elementary,1964600,97,1,0,0,0,19,46,0,1,164,1087,15.1%
Los Angeles,Hughes-Elizabeth Lakes Union Elementary,1964626,0,0,0,0,0,0,0,0,0,0,0,**
Los Angeles,Inglewood Unified,1964634,117,2,1,1,0,74,1,1,0,197,3859,5.1%
Los Angeles,Keppel Union Elementary,1964642,0,0,0,0,0,0,0,0,0,0,0,**
Los Angeles,La Canada Unified,1964659,1,0,5,0,0,0,3,1,0,10,1444,0.7%
Los Angeles,Lancaster Elementary,1964667,0,0,0,0,0,0,0,0,0,0,1,0
Los Angeles,Las Virgenes Unified,1964683,8,1,8,0,0,3,66,1,0,87,4063,2.1%
Los Angeles,Lawndale Elementary,1964691,2,0,0,0,0,2,0,0,0,4,484,0.8%
Los Angeles,Lennox,1964709,12,0,0,0,0,2,0,0,0,14,1185,1.2%
Los Angeles,Little Lake City Elementary,1964717,0,0,0,0,0,0,0,0,0,0,0,**
Los Angeles,Long Beach Unified,1964725,894,5,63,45,30,287,144,9,9,1486,27128,5.5%
Los Angeles,Los Angeles County Office of Education,1910199,1774,10,15,12,3,548,140,11,46,2559,6538,39.1%
Los Angeles,Los Angeles Unified,1964733,7694,59,165,43,112,1560,1080,9,1742,12464,205340,6.1%
Los Angeles,Los Nietos,1964758,0,0,0,0,0,0,0,0,0,0,0,**
Los Angeles,Lowell Joint,1964766,0,0,0,0,0,0,0,0,0,0,0,**
Los Angeles,Lynwood Unified,1964774,303,1,1,1,1,42,3,0,0,352,4706,7.5%
Los Angeles,Manhattan Beach Unified,1975333,8,0,3,0,0,2,25,0,0,38,2461,1.5%
Los Angeles,Monrovia Unified,1964790,22,0,4,0,0,4,9,0,0,39,1944,2%
Los Angeles,Montebello Unified,1964808,411,0,2,0,1,1,5,1,6,427,10622,4%
Los Angeles,Mountain View Elementary,1964816,0,0,0,0,0,0,0,0,0,0,0,**
Los Angeles,Norwalk-La Mirada Unified,1964840,79,0,1,1,2,2,5,0,1,91,6729,1.4%
Los Angeles,Palmdale Elementary,1964857,100,0,3,1,0,28,9,0,1,142,174,81.6%
Los Angeles,Palos Verdes Peninsula Unified,1964865,2,0,2,1,0,0,2,0,0,7,4332,0.2%
Los Angeles,Paramount Unified,1964873,170,0,2,4,1,25,2,2,1,207,5299,3.9%
Los Angeles,Pasadena Unified,1964881,225,0,2,0,3,70,17,6,3,326,5929,5.5%
Los Angeles,Pomona Unified,1964907,289,0,7,0,1,32,16,1,1,347,8137,4.3%
Los Angeles,Redondo Beach Unified,1975341,10,0,1,0,0,2,18,1,0,32,2635,1.2%
Los Angeles,Rosemead Elementary,1964931,0,0,0,0,0,0,0,0,0,0,0,**
Los Angeles,Rowland Unified,1973452,90,1,18,1,11,4,15,1,3,144,5080,2.8%
Los Angeles,San Gabriel Unified,1975291,108,0,24,0,0,4,18,1,4,159,3114,5.1%
Los Angeles,San Marino Unified,1964964,1,0,2,0,0,0,0,0,0,3,1103,0.3%
Los Angeles,Santa Monica-Malibu Unified,1964980,24,0,0,0,0,12,12,1,0,49,3892,1.3%
Los Angeles,SBE - Doris Topsy-Elvord Academy,1976521,0,0,0,0,0,0,0,0,0,0,0,**
Los Angeles,SBE - Lifeline Education Charter,1976497,15,0,0,0,0,11,0,1,0,27,196,13.8%
Los Angeles,SBE - New West Charter,1975663,0,0,0,0,0,0,0,0,0,0,0,**
Los Angeles,SBE - The School of Arts and Enterprise,1975697,6,0,0,0,0,2,1,1,0,10,401,2.5%
Los Angeles,SBE - Today's Fresh Start Charter,1976737,0,0,0,0,0,0,0,0,0,0,0,**
Los Angeles,South Pasadena Unified,1965029,1,0,7,0,0,1,5,0,0,14,1567,0.9%
Los Angeles,South Whittier Elementary,1965037,0,0,0,0,0,0,0,0,0,0,0,**
Los Angeles,Temple City Unified,1965052,4,0,15,0,1,0,2,0,0,22,2097,1%
Los Angeles,Torrance Unified,1965060,20,0,4,0,1,9,9,1,0,44,8862,0.5%
Los Angeles,Valle Lindo Elementary,1965078,0,0,0,0,0,0,0,0,0,0,0,**
Los Angeles,Walnut Valley Unified,1973460,7,0,11,0,1,1,3,0,0,23,6071,0.4%
Los Angeles,West Covina Unified,1965094,30,1,1,0,0,27,42,0,11,112,4863,2.3%
Los Angeles,Westside Union Elementary,1965102,0,0,0,0,0,0,0,0,0,0,0,**
Los Angeles,Whittier City Elementary,1965110,0,0,0,0,0,0,0,0,0,0,0,**
Los Angeles,Whittier Union High,1965128,175,0,0,0,1,2,18,0,0,196,13567,1.4%
Los Angeles,William S. Hart Union High,1965136,200,5,6,1,4,67,88,6,3,380,18598,2%
Los Angeles,Wilsona Elementary,1965151,0,0,0,0,0,0,0,0,0,0,0,**
Los Angeles,Wiseburn Elementary,1965169,1,0,1,0,0,2,6,0,6,16,893,1.8%
Madera,Alview-Dairyland Union Elementary,2065177,0,0,0,0,0,0,0,0,0,0,0,**
Madera,Bass Lake Joint Union Elementary,2065185,0,0,0,0,0,0,0,0,0,0,0,**
Madera,Chawanakee Unified,2075606,2,2,0,0,0,0,2,1,0,7,478,1.5%
Madera,Chowchilla Elementary,2065193,0,0,0,0,0,0,0,0,0,0,0,**
Madera,Chowchilla Union High,2065201,33,0,0,0,0,1,16,0,1,51,975,5.2%
Madera,Golden Valley Unified,2075580,4,0,1,0,0,1,2,0,1,9,650,1.4%
Madera,Madera County Office of Education,2010207,89,4,0,0,0,9,12,2,3,119,643,18.5%
Madera,Madera Unified,2065243,110,1,0,0,0,8,16,0,0,135,5370,2.5%
Madera,Raymond-Knowles Union Elementary,2065276,0,0,0,0,0,0,0,0,0,0,0,**
Madera,Yosemite Unified,2076414,2,0,1,0,0,0,22,0,0,25,987,2.5%
Marin,Bolinas-Stinson Union,2165300,0,0,0,0,0,0,0,0,0,0,0,**
Marin,Dixie Elementary,2165318,0,0,0,0,0,0,0,0,0,0,0,**
Marin,Kentfield Elementary,2165334,0,0,0,0,0,0,0,0,0,0,0,**
Marin,Lagunitas Elementary,2165359,0,0,0,0,0,0,0,0,0,0,0,**
Marin,Larkspur-Corte Madera,2165367,0,0,0,0,0,0,0,0,0,0,0,**
Marin,Marin County Office of Education,2110215,24,0,0,0,0,7,13,1,0,45,253,17.8%
Marin,Mill Valley Elementary,2165391,0,0,0,0,0,0,0,0,0,0,0,**
Marin,Nicasio,2165409,0,0,0,0,0,0,0,0,0,0,0,**
Marin,Novato Unified,2165417,15,1,1,0,0,3,10,2,0,32,2458,1.3%
Marin,Reed Union Elementary,2165425,0,0,0,0,0,0,0,0,0,0,0,**
Marin,Ross Elementary,2165433,0,0,0,0,0,0,0,0,0,0,0,**
Marin,Ross Valley Elementary,2175002,0,0,0,0,0,0,0,0,0,0,0,**
Marin,San Rafael City Elementary,2165458,0,0,0,0,0,0,0,0,0,0,0,**
Marin,San Rafael City High,2165466,26,1,0,0,2,2,10,1,1,43,1998,2.2%
Marin,Sausalito Marin City,2165474,0,0,0,0,0,0,0,0,0,0,0,**
Marin,Shoreline Unified,2173361,2,0,0,0,0,0,1,0,1,4,188,2.1%
Marin,Tamalpais Union High,2165482,0,0,4,1,0,3,7,0,0,15,3839,0.4%
Mariposa,Mariposa County Office of Education,2210223,0,2,0,0,0,0,5,0,0,7,35,20%
Mariposa,Mariposa County Unified,2265532,2,0,0,0,0,0,6,0,1,9,624,1.4%
Mendocino,Anderson Valley Unified,2365540,10,0,0,0,0,1,2,0,0,13,190,6.8%
Mendocino,Arena Union Elementary,2365557,0,0,0,0,0,0,0,0,0,0,20,0
Mendocino,Fort Bragg Unified,2365565,3,0,0,0,0,0,4,0,0,7,572,1.2%
Mendocino,Laytonville Unified,2373916,0,1,1,0,0,0,1,0,0,3,130,2.3%
Mendocino,Leggett Valley Unified,2375218,0,0,0,0,0,0,4,0,0,4,26,15.4%
Mendocino,Manchester Union Elementary,2365573,0,0,0,0,0,0,0,0,0,0,0,**
Mendocino,Mendocino County Office of Education,2310231,2,3,0,0,0,1,8,0,0,14,135,10.4%
Mendocino,Mendocino Unified,2365581,0,0,0,0,0,0,3,1,0,4,186,2.2%
Mendocino,Point Arena Joint Union High,2365599,0,1,0,0,0,0,0,0,0,1,184,0.5%
Mendocino,Potter Valley Community Unified,2373866,1,0,0,0,0,0,0,0,0,1,86,1.2%
Mendocino,Round Valley Unified,2365607,0,9,0,0,0,0,0,0,0,9,125,7.2%
Mendocino,Ukiah Unified,2365615,18,1,0,0,0,1,18,2,0,40,1962,2%
Mendocino,Willits Unified,2365623,2,0,0,0,0,0,9,0,0,11,658,1.7%
Merced,Atwater Elementary,2465631,0,0,0,0,0,0,0,0,0,0,0,**
Merced,Ballico-Cressey Elementary,2465649,0,0,0,0,0,0,0,0,0,0,1,0
Merced,Delhi Unified,2475366,5,0,0,0,0,0,2,0,0,7,762,0.9%
Merced,Dos Palos Oro Loma Joint Unified,2475317,22,0,0,0,0,1,7,0,0,30,723,4.1%
Merced,El Nido Elementary,2465680,0,0,0,0,0,0,0,0,0,0,1,0
Merced,Gustine Unified,2473619,22,0,0,0,0,0,3,0,0,25,515,4.9%
Merced,Hilmar Unified,2465698,5,0,0,0,0,0,4,0,0,9,722,1.2%
Merced,Le Grand Union Elementary,2465722,0,0,0,0,0,0,0,0,0,0,0,**
Merced,Le Grand Union High,2465730,8,0,0,0,0,0,2,0,1,11,527,2.1%
Merced,Livingston Union,2465748,0,0,0,0,0,0,0,0,0,0,0,**
Merced,Los Banos Unified,2465755,41,0,1,1,0,7,7,0,0,57,2752,2.1%
Merced,McSwain Union Elementary,2465763,0,0,0,0,0,0,0,0,0,0,0,**
Merced,Merced City Elementary,2465771,0,0,0,0,0,0,0,0,0,0,0,**
Merced,Merced County Office of Education,2410249,237,3,7,1,1,21,54,6,1,331,1040,31.8%
Merced,Merced River Union Elementary,2473726,0,0,0,0,0,0,0,0,0,0,0,**
Merced,Merced Union High,2465789,67,2,12,0,0,4,19,1,0,105,10292,1%
Merced,Plainsburg Union Elementary,2465813,0,0,0,0,0,0,0,0,0,0,0,**
Merced,Planada Elementary,2465821,0,0,0,0,0,0,0,0,0,0,0,**
Merced,Snelling-Merced Falls Union Elementary,2465839,0,0,0,0,0,0,0,0,0,0,0,**
Merced,Weaver Union,2465862,0,0,0,0,0,0,0,0,0,0,0,**
Merced,Winton,2465870,0,0,0,0,0,0,0,0,0,0,0,**
Modoc,Modoc County Office of Education,2510256,1,1,0,0,0,0,3,0,0,5,25,20%
Modoc,Modoc Joint Unified,2573585,1,2,0,0,0,0,1,0,0,4,266,1.5%
Modoc,Surprise Valley Joint Unified,2565896,0,1,0,0,0,0,1,0,0,2,45,4.4%
Modoc,Tulelake Basin Joint Unified,2573593,1,0,0,0,0,0,1,0,0,2,147,1.4%
Mono,Eastern Sierra Unified,2673668,0,1,0,0,0,0,1,0,0,2,141,1.4%
Mono,Mammoth Unified,2673692,5,0,0,0,0,0,0,0,3,8,306,2.6%
Mono,Mono County Office of Education,2610264,58,2,5,2,0,35,40,0,1,143,194,73.7%
Monterey,Alisal Union,2765961,0,0,0,0,0,0,0,0,0,0,0,**
Monterey,Big Sur Unified,2775150,1,0,0,0,0,0,0,0,0,1,7,14.3%
Monterey,Bradley Union Elementary,2765979,0,0,0,0,0,0,0,0,0,0,0,**
Monterey,Carmel Unified,2765987,2,0,0,0,0,0,8,0,0,10,821,1.2%
Monterey,Chualar Union,2765995,0,0,0,0,0,0,0,0,0,0,0,**
Monterey,Gonzales Unified,2775473,4,0,1,0,0,0,0,0,0,5,807,0.6%
Monterey,Graves Elementary,2766027,0,0,0,0,0,0,0,0,0,0,0,**
Monterey,Greenfield Union Elementary,2766035,0,0,0,0,0,0,0,0,0,0,0,**
Monterey,King City Union,2766050,0,0,0,0,0,0,0,0,0,0,0,**
Monterey,Lagunita Elementary,2766076,0,0,0,0,0,0,0,0,0,0,0,**
Monterey,Mission Union Elementary,2766084,0,0,0,0,0,0,0,0,0,0,0,**
Monterey,Monterey County Office of Education,2710272,56,2,1,0,0,3,6,2,18,88,696,12.6%
Monterey,Monterey Peninsula Unified,2766092,62,0,10,1,1,8,18,5,0,105,3195,3.3%
Monterey,North Monterey County Unified,2773825,39,0,1,0,1,0,21,1,3,66,1382,4.8%
Monterey,Pacific Grove Unified,2766134,1,0,1,0,0,0,5,0,0,7,572,1.2%
Monterey,Salinas Union High,2766159,181,1,1,0,4,5,13,1,1,207,9789,2.1%
Monterey,San Antonio Union Elementary,2766167,0,0,0,0,0,0,0,0,0,0,0,**
Monterey,San Ardo Union Elementary,2766175,0,0,0,0,0,0,0,0,0,0,0,**
Monterey,San Lucas Union Elementary,2766183,0,0,0,0,0,0,0,0,0,0,0,**
Monterey,Santa Rita Union Elementary,2766191,0,0,0,0,0,0,0,0,0,0,0,**
Monterey,Soledad Unified,2775440,37,0,2,0,0,1,3,0,0,43,1369,3.1%
Monterey,South Monterey County Joint Union High,2766068,88,0,0,0,0,0,1,1,0,90,1976,4.6%
Monterey,Spreckels Union Elementary,2766225,0,0,0,0,0,0,0,0,0,0,0,**
Monterey,Washington Union Elementary,2766233,0,0,0,0,0,0,0,0,0,0,0,**
Napa,Calistoga Joint Unified,2866241,4,0,0,0,0,1,5,0,1,11,239,4.6%
Napa,Howell Mountain Elementary,2866258,0,0,0,0,0,0,0,0,0,0,0,**
Napa,Napa County Office of Education,2810280,30,4,0,1,0,2,14,0,0,51,149,34.2%
Napa,Napa Valley Unified,2866266,60,1,0,1,2,4,38,6,2,114,5697,2%
Napa,Pope Valley Union Elementary,2866282,0,0,0,0,0,0,0,0,0,0,0,**
Napa,Saint Helena Unified,2866290,0,0,0,0,0,1,0,0,0,1,525,0.2%
Nevada,Chicago Park Elementary,2966316,0,0,0,0,0,0,0,0,0,0,0,**
Nevada,Clear Creek Elementary,2966324,0,0,0,0,0,0,0,0,0,0,0,**
Nevada,Grass Valley Elementary,2966332,0,0,0,0,0,0,0,0,0,0,0,**
Nevada,Nevada City Elementary,2966340,0,0,0,0,0,0,0,0,0,0,0,**
Nevada,Nevada County Office of Education,2910298,637,11,38,3,5,244,136,35,97,1206,2257,53.4%
Nevada,Nevada Joint Union High,2966357,6,0,0,0,0,0,33,2,0,41,3372,1.2%
Nevada,Pleasant Ridge Union Elementary,2966373,0,0,0,0,0,0,0,0,0,0,0,**
Nevada,Pleasant Valley Elementary,2966381,0,0,0,0,0,0,0,0,0,0,0,**
Nevada,Ready Springs Union Elementary,2966399,0,0,0,0,0,0,2,0,0,2,42,4.8%
Nevada,Twin Ridges Elementary,2966415,0,0,0,0,0,0,0,0,0,0,0,**
Nevada,Union Hill Elementary,2966407,0,0,0,0,0,0,0,0,0,0,0,**
Orange,Anaheim City,3066423,0,0,0,0,0,0,0,0,0,0,0,**
Orange,Anaheim Union High,3066431,503,0,28,4,15,23,93,7,0,673,22198,3%
Orange,Brea-Olinda Unified,3066449,10,0,1,0,0,0,5,1,0,17,2068,0.8%
Orange,Buena Park Elementary,3066456,0,0,0,0,0,0,0,0,0,0,0,**
Orange,Capistrano Unified,3066464,58,2,2,1,1,7,56,5,0,132,16899,0.8%
Orange,Fountain Valley Elementary,3066498,0,0,0,0,0,0,0,0,0,0,0,**
Orange,Fullerton Elementary,3066506,0,0,0,0,0,0,0,0,0,0,0,**
Orange,Fullerton Joint Union High,3066514,164,1,10,0,1,4,41,2,3,226,14782,1.5%
Orange,Garden Grove Unified,3066522,219,0,95,3,3,4,29,0,2,355,15504,2.3%
Orange,Huntington Beach City Elementary,3066530,0,0,0,0,0,0,0,0,0,0,0,**
Orange,Huntington Beach Union High,3066548,42,5,15,1,1,1,28,4,5,102,16442,0.6%
Orange,Irvine Unified,3073650,15,0,21,1,1,3,32,4,0,77,8817,0.9%
Orange,La Habra City Elementary,3066563,0,0,0,0,0,0,0,0,0,0,0,**
Orange,Laguna Beach Unified,3066555,1,0,0,0,0,0,3,0,0,4,1003,0.4%
Orange,Los Alamitos Unified,3073924,13,0,0,1,0,1,11,0,0,26,3219,0.8%
Orange,Newport-Mesa Unified,3066597,41,0,3,0,1,1,21,1,0,68,6969,1%
Orange,Ocean View,3066613,0,0,0,0,0,0,0,0,0,0,0,**
Orange,Orange County Department of Education,3010306,1193,12,50,13,6,60,308,15,55,1712,6025,28.4%
Orange,Orange Unified,3066621,84,1,1,1,1,1,31,1,0,121,9771,1.2%
Orange,Placentia-Yorba Linda Unified,3066647,78,1,4,0,1,2,38,0,0,124,8577,1.4%
Orange,Saddleback Valley Unified,3073635,34,2,1,0,3,2,23,0,1,66,10748,0.6%
Orange,Santa Ana Unified,3066670,431,0,5,1,0,7,11,0,0,455,16981,2.7%
Orange,Tustin Unified,3073643,47,0,9,1,1,3,16,1,1,79,7133,1.1%
Orange,Westminster,3066746,0,0,0,0,0,0,0,0,0,0,0,**
Placer,Ackerman Charter,3166761,0,0,0,0,0,0,0,0,0,0,0,**
Placer,Alta-Dutch Flat Union Elementary,3166779,0,0,0,0,0,0,0,0,0,0,0,**
Placer,Auburn Union Elementary,3166787,0,0,0,0,0,0,0,0,0,0,0,**
Placer,Colfax Elementary,3166795,1,0,0,0,0,0,5,0,0,6,148,4.1%
Placer,Dry Creek Joint Elementary,3166803,0,0,0,0,0,0,0,0,0,0,0,**
Placer,Eureka Union,3166829,0,0,0,0,0,0,0,0,0,0,0,**
Placer,Foresthill Union Elementary,3166837,0,0,0,0,0,0,0,0,0,0,0,**
Placer,Loomis Union Elementary,3166845,0,0,0,0,0,0,2,0,0,2,38,5.3%
Placer,Newcastle Elementary,3166852,0,0,0,0,0,0,0,0,0,0,0,**
Placer,Placer County Office of Education,3110314,15,0,0,1,1,1,19,0,0,37,224,16.5%
Placer,Placer Hills Union Elementary,3166886,0,0,0,0,0,0,0,0,0,0,0,**
Placer,Placer Union High,3166894,10,3,0,0,0,0,34,3,0,50,4384,1.1%
Placer,Rocklin Unified,3175085,12,0,3,0,0,0,27,4,0,46,3786,1.2%
Placer,Roseville City Elementary,3166910,0,0,0,0,0,0,0,0,0,0,0,**
Placer,Roseville Joint Union High,3166928,35,1,6,2,1,5,45,3,1,99,10049,1%
Placer,SBE - Western Sierra Collegiate Academy,3176570,0,0,0,0,0,0,0,0,0,0,137,0
Placer,Tahoe-Truckee Unified,3166944,11,0,0,0,0,0,7,0,1,19,1019,1.9%
Placer,Western Placer Unified,3166951,24,3,3,0,0,3,69,1,0,103,2761,3.7%
Plumas,Plumas County Office of Education,3210322,1,0,0,0,0,0,0,0,0,1,8,12.5%
Plumas,Plumas Unified,3266969,3,1,0,0,0,1,18,0,1,24,703,3.4%
Riverside,Alvord Unified,3366977,173,1,2,1,1,13,38,3,0,232,5879,3.9%
Riverside,Banning Unified,3366985,20,6,0,0,0,4,8,0,0,38,1285,3%
Riverside,Beaumont Unified,3366993,16,3,0,0,0,5,19,1,0,44,2533,1.7%
Riverside,California School for the Deaf-Riverside (State Sp,3331625,3,0,0,0,0,2,3,0,0,8,205,3.9%
Riverside,Coachella Valley Unified,3373676,266,6,0,0,0,2,12,0,7,293,5126,5.7%
Riverside,Corona-Norco Unified,3367033,171,1,4,4,2,20,40,0,4,246,17567,1.4%
Riverside,Desert Center Unified,3367041,0,0,0,0,0,0,0,0,0,0,0,**
Riverside,Desert Sands Unified,3367058,199,1,1,0,0,3,31,0,0,235,9410,2.5%
Riverside,Hemet Unified,3367082,120,10,4,1,0,35,102,8,0,280,7220,3.9%
Riverside,Jurupa Unified,3367090,161,0,1,0,0,5,24,0,0,191,6314,3%
Riverside,Lake Elsinore Unified,3375176,56,0,0,0,0,7,46,2,0,111,6919,1.6%
Riverside,Menifee Union Elementary,3367116,0,0,0,0,0,0,1,0,0,1,226,0.4%
Riverside,Moreno Valley Unified,3367124,262,5,7,6,5,111,49,2,1,448,11043,4.1%
Riverside,Murrieta Valley Unified,3375200,27,0,0,0,1,8,28,3,2,69,8039,0.9%
Riverside,Nuview Union,3367157,6,0,1,0,0,1,3,0,0,11,482,2.3%
Riverside,Palm Springs Unified,3367173,175,3,0,0,5,29,42,1,1,256,7356,3.5%
Riverside,Palo Verde Unified,3367181,26,0,0,0,0,8,12,0,2,48,1047,4.6%
Riverside,Perris Elementary,3367199,0,0,0,0,0,0,0,0,0,0,0,**
Riverside,Perris Union High,3367207,172,1,4,2,5,22,41,1,1,249,8968,2.8%
Riverside,Riverside County Office of Education,3310330,452,11,3,1,1,117,155,7,0,747,2890,25.8%
Riverside,Riverside Unified,3367215,306,3,5,3,6,48,115,2,4,492,14412,3.4%
Riverside,Romoland Elementary,3367231,0,0,0,0,0,0,0,0,0,0,0,**
Riverside,San Jacinto Unified,3367249,59,7,0,1,0,4,11,4,0,86,3019,2.8%
Riverside,Temecula Valley Unified,3375192,30,2,0,0,3,6,33,6,0,80,9967,0.8%
Riverside,Val Verde Unified,3375242,63,0,1,1,0,27,10,2,6,110,6030,1.8%
Sacramento,Arcohe Union Elementary,3467280,0,0,0,0,0,0,0,0,0,0,1,0
Sacramento,California Education Authority (CEA) Headquarters,3432276,163,2,4,3,0,110,23,1,14,320,0,**
Sacramento,Center Joint Unified,3473973,7,0,5,1,0,10,22,2,4,51,1584,3.2%
Sacramento,Elk Grove Unified,3467314,91,4,47,8,4,129,55,24,1,363,19628,1.8%
Sacramento,Elverta Joint Elementary,3467322,0,0,0,0,0,0,0,0,0,0,0,**
Sacramento,Folsom-Cordova Unified,3467330,17,2,3,1,0,16,36,1,0,76,5687,1.3%
Sacramento,Galt Joint Union Elementary,3467348,0,0,0,0,0,0,0,0,0,0,0,**
Sacramento,Galt Joint Union High,3467355,31,0,1,0,0,0,24,1,1,58,2278,2.5%
Sacramento,Natomas Unified,3475283,28,0,8,1,0,34,10,3,6,90,3868,2.3%
Sacramento,River Delta Joint Unified,3467413,2,0,0,0,0,0,2,0,0,4,670,0.6%
Sacramento,Sacramento City Unified,3467439,69,4,34,3,1,38,25,10,1,185,13735,1.3%
Sacramento,Sacramento County Office of Education,3410348,97,3,11,4,1,96,52,41,3,308,524,58.8%
Sacramento,San Juan Unified,3467447,185,8,11,10,6,118,311,29,10,688,16893,4.1%
Sacramento,Twin Rivers Unified,3476505,433,25,94,16,5,252,292,17,22,1156,9279,12.5%
San Benito,Aromas/San Juan Unified,3575259,7,0,0,0,0,0,1,0,0,8,415,1.9%
San Benito,Bitterwater-Tully Elementary,3567454,0,0,0,0,0,0,0,0,0,0,0,**
San Benito,Cienega Union Elementary,3567462,0,0,0,0,0,0,0,0,0,0,0,**
San Benito,Hollister,3567470,0,0,0,0,0,0,0,0,0,0,0,**
San Benito,Jefferson Elementary,3567488,0,0,0,0,0,0,0,0,0,0,0,**
San Benito,North County Joint Union Elementary,3567504,0,0,0,0,0,0,0,0,0,0,0,**
San Benito,Panoche Elementary,3567520,0,0,0,0,0,0,0,0,0,0,0,**
San Benito,San Benito County Office of Education,3510355,15,0,0,0,0,0,0,0,1,16,69,23.2%
San Benito,San Benito High,3567538,76,0,0,0,0,0,14,0,0,90,3049,3%
San Benito,Southside Elementary,3567553,0,0,0,0,0,0,0,0,0,0,0,**
San Benito,Tres Pinos Union Elementary,3567561,0,0,0,0,0,0,0,0,0,0,0,**
San Benito,Willow Grove Union Elementary,3567579,0,0,0,0,0,0,0,0,0,0,0,**
San Bernardino,Adelanto Elementary,3667587,133,3,1,4,0,91,48,0,0,280,575,48.7%
San Bernardino,Alta Loma Elementary,3667595,0,0,0,0,0,0,0,0,0,0,0,**
San Bernardino,Apple Valley Unified,3675077,67,0,1,3,0,33,65,2,0,171,4894,3.5%
San Bernardino,Baker Valley Unified,3673858,0,0,0,0,0,0,1,0,0,1,59,1.7%
San Bernardino,Barstow Unified,3667611,48,0,0,3,0,22,28,0,1,102,1752,5.8%
San Bernardino,Bear Valley Unified,3667637,7,0,0,0,0,0,12,0,4,23,910,2.5%
San Bernardino,Central Elementary,3667645,0,0,0,0,0,0,0,0,0,0,0,**
San Bernardino,Chaffey Joint Union High,3667652,628,1,19,0,6,62,95,8,3,822,25065,3.3%
San Bernardino,Chino Valley Unified,3667678,178,1,8,0,4,19,48,3,1,262,10707,2.4%
San Bernardino,Colton Joint Unified,3667686,232,3,3,2,1,15,11,3,0,270,6585,4.1%
San Bernardino,Cucamonga Elementary,3667694,0,0,0,0,0,0,0,0,0,0,0,**
San Bernardino,Etiwanda Elementary,3667702,0,0,0,0,0,0,0,0,0,0,0,**
San Bernardino,Fontana Unified,3667710,341,3,7,1,1,32,26,2,0,413,13022,3.2%
San Bernardino,Helendale Elementary,3667736,1,0,0,0,0,0,1,0,0,2,209,1%
San Bernardino,Hesperia Unified,3675044,153,0,5,0,1,26,74,5,5,269,8151,3.3%
San Bernardino,Lucerne Valley Unified,3675051,6,0,0,0,0,0,5,0,0,11,415,2.7%
San Bernardino,Morongo Unified,3667777,27,2,1,0,0,7,53,3,0,93,2680,3.5%
San Bernardino,Mountain View Elementary,3667785,0,0,0,0,0,0,0,0,0,0,0,**
San Bernardino,Mt. Baldy Joint Elementary,3667793,0,0,0,0,0,0,0,0,0,0,0,**
San Bernardino,Needles Unified,3667801,7,4,0,0,0,1,7,2,0,21,283,7.4%
San Bernardino,Ontario-Montclair,3667819,0,0,0,0,0,0,0,0,0,0,0,**
San Bernardino,Oro Grande Elementary,3667827,117,2,3,0,2,29,45,5,0,203,1541,13.2%
San Bernardino,Redlands Unified,3667843,47,0,5,1,0,11,37,4,1,106,7604,1.4%
San Bernardino,Rialto Unified,3667850,218,0,3,3,1,65,19,0,0,309,8326,3.7%
San Bernardino,Rim of the World Unified,3667868,14,3,0,0,0,3,32,0,0,52,1452,3.6%
San Bernardino,San Bernardino City Unified,3667876,609,12,11,3,2,165,90,5,10,907,16141,5.6%
San Bernardino,San Bernardino County Office of Education,3610363,312,6,3,5,1,133,130,6,5,601,1492,40.3%
San Bernardino,Silver Valley Unified,3673890,1,0,0,0,0,0,3,1,0,5,511,1%
San Bernardino,Snowline Joint Unified,3673957,24,1,3,0,0,7,27,0,3,65,2788,2.3%
San Bernardino,Trona Joint Unified,3667892,0,0,0,0,0,0,1,0,0,1,73,1.4%
San Bernardino,Upland Unified,3675069,27,0,0,0,0,10,13,1,0,51,3825,1.3%
San Bernardino,Victor Valley Union High,3667934,360,2,3,3,2,125,112,7,18,632,11887,5.3%
San Bernardino,Yucaipa-Calimesa Joint Unified,3667959,21,0,0,0,0,4,30,0,0,55,3098,1.8%
San Diego,Alpine Union Elementary,3767967,0,0,0,0,0,0,0,0,0,0,0,**
San Diego,Bonsall Union Elementary,3767975,0,0,0,0,0,0,0,0,0,0,0,**
San Diego,Borrego Springs Unified,3767983,7,0,0,0,1,0,9,0,0,17,213,8%
San Diego,Cajon Valley Union,3767991,0,0,0,0,0,0,0,0,0,0,0,**
San Diego,Carlsbad Unified,3773551,18,0,1,0,0,1,12,1,0,33,3247,1%
San Diego,Chula Vista Elementary,3768023,0,0,0,0,0,0,0,0,0,0,0,**
San Diego,Coronado Unified,3768031,6,0,0,0,0,0,1,0,0,7,1105,0.6%
San Diego,Dehesa Elementary,3768049,180,10,12,3,0,42,34,0,1,282,814,34.6%
San Diego,Escondido Union,3768098,0,0,0,0,0,0,0,0,0,0,0,**
San Diego,Escondido Union High,3768106,174,5,2,2,2,8,38,1,0,232,9311,2.5%
San Diego,Fallbrook Union Elementary,3768114,0,0,0,0,0,0,0,0,0,0,0,**
San Diego,Fallbrook Union High,3768122,34,0,0,0,0,0,13,3,0,50,2864,1.7%
San Diego,Grossmont Union High,3768130,331,5,18,8,6,67,430,16,39,920,23402,3.9%
San Diego,Jamul-Dulzura Union Elementary,3768155,5,0,0,0,0,1,2,0,0,8,151,5.3%
San Diego,Julian Union Elementary,3768163,53,2,0,1,0,3,28,0,0,87,810,10.7%
San Diego,Julian Union High,3768171,0,1,0,0,0,0,3,0,0,4,175,2.3%
San Diego,La Mesa-Spring Valley,3768197,0,0,0,0,0,0,0,0,0,0,0,**
San Diego,Lakeside Union Elementary,3768189,75,3,1,2,0,7,22,3,0,113,576,19.6%
San Diego,Lemon Grove,3768205,0,0,0,0,0,0,0,0,0,0,0,**
San Diego,Mountain Empire Unified,3768213,63,5,1,0,1,9,50,0,6,135,896,15.1%
San Diego,National Elementary,3768221,0,0,0,0,0,0,0,0,0,0,1,0
San Diego,Oceanside Unified,3773569,139,1,1,3,6,21,65,0,1,237,6033,3.9%
San Diego,Poway Unified,3768296,16,0,1,0,3,3,17,0,0,40,10892,0.4%
San Diego,Ramona City Unified,3768304,22,0,0,0,0,0,10,0,0,32,2199,1.5%
San Diego,Rancho Santa Fe Elementary,3768312,0,0,0,0,0,0,0,0,0,0,0,**
San Diego,San Diego County Office of Education,3710371,665,7,9,5,5,115,119,39,6,970,2557,37.9%
San Diego,San Diego Unified,3768338,489,1,45,5,26,106,104,4,4,784,39866,2%
San Diego,San Dieguito Union High,3768346,17,0,4,0,0,0,15,0,0,36,8635,0.4%
San Diego,San Marcos Unified,3773791,15,0,0,0,0,0,14,1,0,30,5223,0.6%
San Diego,San Pasqual Union Elementary,3768353,0,0,0,0,0,0,0,0,0,0,0,**
San Diego,San Ysidro Elementary,3768379,0,0,0,0,0,0,0,0,0,0,28,0
San Diego,Santee,3768361,0,0,0,0,0,0,0,0,0,0,0,**
San Diego,SBC - High Tech High,3776471,8,1,0,0,0,1,8,0,0,18,1149,1.6%
San Diego,South Bay Union,3768395,0,0,0,0,0,0,0,0,0,0,0,**
San Diego,Spencer Valley Elementary,3768403,22,2,3,1,3,15,32,0,6,84,992,8.5%
San Diego,Sweetwater Union High,3768411,542,3,4,3,14,32,46,10,3,657,29126,2.3%
San Diego,Vallecitos Elementary,3768437,0,0,0,0,0,0,1,0,0,1,74,1.4%
San Diego,Valley Center-Pauma Unified,3775614,4,3,0,0,0,1,1,0,0,9,1389,0.6%
San Diego,Vista Unified,3768452,532,8,26,18,9,130,88,41,8,860,9453,9.1%
San Diego,Warner Unified,3775416,1,5,0,0,0,0,0,0,0,6,100,6%
San Francisco,San Francisco County Office of Education,3810389,48,4,20,1,3,67,15,1,1,160,444,36%
San Francisco,San Francisco Unified,3868478,222,6,143,12,25,220,88,11,4,731,18231,4%
San Francisco,SBE - San Francisco Flex Academy,3876703,5,0,1,0,0,7,5,0,4,22,188,11.7%
San Joaquin,Banta Elementary,3968486,0,0,0,0,0,0,0,0,0,0,0,**
San Joaquin,CEA San Joaquin Co,3932276,0,0,0,0,0,0,0,0,0,0,412,0
San Joaquin,Escalon Unified,3968502,9,0,0,0,0,0,4,0,0,13,962,1.4%
San Joaquin,Jefferson Elementary,3968544,0,0,0,0,0,0,0,0,0,0,1,0
San Joaquin,Lammersville Joint Unified,3976760,0,0,0,0,0,0,0,0,0,0,0,**
San Joaquin,Lincoln Unified,3968569,26,1,2,0,1,8,6,1,0,45,2925,1.5%
San Joaquin,Linden Unified,3968577,7,2,1,0,0,2,7,0,0,19,763,2.5%
San Joaquin,Lodi Unified,3968585,152,4,70,3,6,39,79,2,8,363,9363,3.9%
San Joaquin,Manteca Unified,3968593,64,0,7,2,2,19,34,3,0,131,7245,1.8%
San Joaquin,New Hope Elementary,3968619,0,0,0,0,0,0,0,0,0,0,0,**
San Joaquin,New Jerusalem Elementary,3968627,25,0,2,0,0,9,24,0,0,60,455,13.2%
San Joaquin,Oak View Union Elementary,3968635,0,0,0,0,0,0,0,0,0,0,0,**
San Joaquin,Ripon Unified,3968650,9,0,0,0,0,2,10,0,0,21,921,2.3%
San Joaquin,San Joaquin County Office of Education,3910397,374,6,35,1,3,118,93,21,6,657,2259,29.1%
San Joaquin,Stockton Unified,3968676,233,22,51,4,9,95,58,3,2,477,10239,4.7%
San Joaquin,Tracy Joint Unified,3975499,77,2,6,3,9,20,38,0,1,156,6851,2.3%
San Luis Obispo,Atascadero Unified,4068700,4,1,0,0,0,2,12,0,0,19,1642,1.2%
San Luis Obispo,Cayucos Elementary,4068726,0,0,0,0,0,0,0,0,0,0,0,**
San Luis Obispo,Coast Unified,4075465,3,0,0,0,0,0,3,0,0,6,242,2.5%
San Luis Obispo,Lucia Mar Unified,4068759,24,0,0,0,0,1,28,2,1,56,3485,1.6%
San Luis Obispo,Paso Robles Joint Unified,4075457,41,0,0,1,0,0,17,1,0,60,2274,2.6%
San Luis Obispo,Pleasant Valley Joint Union Elementary,4068791,0,0,0,0,0,0,0,0,0,0,0,**
San Luis Obispo,San Luis Coastal Unified,4068809,7,0,0,0,0,0,2,0,0,9,2360,0.4%
San Luis Obispo,San Luis Obispo County Office of Education,4010405,46,2,0,0,1,6,26,1,0,82,568,14.4%
San Luis Obispo,San Miguel Joint Union,4068825,0,0,0,0,0,0,0,0,0,0,0,**
San Luis Obispo,Shandon Joint Unified,4068833,1,0,0,0,0,0,0,0,0,1,74,1.4%
San Luis Obispo,Templeton Unified,4068841,0,0,0,0,0,0,4,0,0,4,875,0.5%
San Mateo,Bayshore Elementary,4168858,7,0,1,0,0,0,9,0,1,18,46,39.1%
San Mateo,Belmont-Redwood Shores Elementary,4168866,0,0,0,0,0,0,0,0,0,0,0,**
San Mateo,Brisbane Elementary,4168874,0,0,0,0,0,0,0,0,0,0,0,**
San Mateo,Burlingame Elementary,4168882,0,0,0,0,0,0,0,0,0,0,0,**
San Mateo,Cabrillo Unified,4168890,13,0,0,0,0,0,9,0,0,22,974,2.3%
San Mateo,Hillsborough City Elementary,4168908,0,0,0,0,0,0,0,0,0,0,0,**
San Mateo,Jefferson Elementary,4168916,14,1,2,1,1,9,22,0,4,54,503,10.7%
San Mateo,Jefferson Union High,4168924,35,1,10,2,11,6,12,3,1,81,4969,1.6%
San Mateo,La Honda-Pescadero Unified,4168940,0,0,0,0,0,0,0,0,0,0,102,0
San Mateo,Las Lomitas Elementary,4168957,0,0,0,0,0,0,0,0,0,0,0,**
San Mateo,Menlo Park City Elementary,4168965,0,0,0,0,0,0,0,0,0,0,0,**
San Mateo,Millbrae Elementary,4168973,0,0,0,0,0,0,0,0,0,0,0,**
San Mateo,Pacifica,4168932,0,0,0,0,0,0,0,0,0,0,0,**
San Mateo,Portola Valley Elementary,4168981,0,0,0,0,0,0,0,0,0,0,0,**
San Mateo,Ravenswood City Elementary,4168999,7,0,0,1,0,2,0,0,0,10,238,4.2%
San Mateo,Redwood City Elementary,4169005,0,0,0,0,0,0,0,0,0,0,0,**
San Mateo,San Bruno Park Elementary,4169013,0,0,0,0,0,0,0,0,0,0,0,**
San Mateo,San Carlos Elementary,4169021,0,0,0,0,0,0,0,0,0,0,0,**
San Mateo,San Mateo County Office of Education,4110413,95,0,5,7,5,16,14,0,3,145,334,43.4%
San Mateo,San Mateo Union High,4169047,43,1,7,2,2,0,18,6,0,79,8247,1%
San Mateo,San Mateo-Foster City,4169039,0,0,0,0,0,0,0,0,0,0,0,**
San Mateo,SBE - Everest Public High,4176588,1,0,0,0,0,0,5,0,0,6,300,2%
San Mateo,Sequoia Union High,4169062,157,1,2,10,2,15,20,2,4,213,8945,2.4%
San Mateo,South San Francisco Unified,4169070,12,0,2,0,0,2,3,2,0,21,3134,0.7%
San Mateo,Woodside Elementary,4169088,0,0,0,0,0,0,0,0,0,0,0,**
Santa Barbara,Blochman Union Elementary,4269112,8,0,0,0,0,0,11,0,0,19,164,11.6%
Santa Barbara,Buellton Union Elementary,4269138,0,0,0,0,0,0,0,0,0,0,0,**
Santa Barbara,Carpinteria Unified,4269146,11,0,0,0,0,0,1,0,0,12,743,1.6%
Santa Barbara,College Elementary,4269179,0,0,0,0,0,0,0,0,0,0,0,**
Santa Barbara,Cuyama Joint Unified,4275010,1,0,0,0,0,0,0,0,0,1,77,1.3%
Santa Barbara,Guadalupe Union Elementary,4269203,0,0,0,0,0,0,0,0,0,0,0,**
Santa Barbara,Lompoc Unified,4269229,55,0,1,0,0,2,13,4,0,75,2995,2.5%
Santa Barbara,Los Olivos Elementary,4269245,5,0,0,0,0,0,2,0,0,7,256,2.7%
Santa Barbara,Orcutt Union Elementary,4269260,0,0,0,0,0,0,1,0,0,1,489,0.2%
Santa Barbara,Santa Barbara County Office of Education,4210421,136,1,0,0,1,3,16,1,0,158,489,32.3%
Santa Barbara,Santa Barbara Unified,4276786,54,1,1,0,1,2,20,1,1,81,6472,1.3%
Santa Barbara,Santa Maria Joint Union High,4269310,244,0,0,0,1,0,19,0,1,265,7631,3.5%
Santa Barbara,Santa Maria-Bonita,4269120,0,0,0,0,0,0,0,0,0,0,0,**
Santa Barbara,Santa Ynez Valley Union High,4269328,2,0,0,0,0,0,3,0,0,5,1042,0.5%
Santa Barbara,Solvang Elementary,4269336,0,0,0,0,0,0,0,0,0,0,0,**
Santa Barbara,Vista del Mar Union,4269344,0,0,0,0,0,0,0,0,0,0,0,**
Santa Clara,Alum Rock Union Elementary,4369369,0,0,0,0,0,0,0,0,0,0,0,**
Santa Clara,Berryessa Union Elementary,4369377,0,0,0,0,0,0,0,0,0,0,0,**
Santa Clara,Cambrian,4369385,0,0,0,0,0,0,0,0,0,0,0,**
Santa Clara,Campbell Union,4369393,0,0,0,0,0,0,0,0,0,0,0,**
Santa Clara,Campbell Union High,4369401,133,2,13,2,2,17,74,14,1,258,7407,3.5%
Santa Clara,Cupertino Union,4369419,0,0,0,0,0,0,0,0,0,0,0,**
Santa Clara,East Side Union High,4369427,967,5,139,15,44,55,73,23,15,1336,25401,5.3%
Santa Clara,Evergreen Elementary,4369435,0,0,0,0,0,0,0,0,0,0,0,**
Santa Clara,Franklin-McKinley Elementary,4369450,0,0,0,0,0,0,0,0,0,0,0,**
Santa Clara,Fremont Union High,4369468,55,1,5,0,7,4,21,0,0,93,10535,0.9%
Santa Clara,Gilroy Unified,4369484,85,0,0,1,1,1,13,0,0,101,3481,2.9%
Santa Clara,Loma Prieta Joint Union Elementary,4369500,0,0,0,0,0,0,0,0,0,0,0,**
Santa Clara,Los Altos Elementary,4369518,0,0,0,0,0,0,0,0,0,0,0,**
Santa Clara,Los Gatos Union Elementary,4369526,0,0,0,0,0,0,0,0,0,0,0,**
Santa Clara,Los Gatos-Saratoga Joint Union High,4369534,1,0,0,0,0,0,12,0,0,13,3245,0.4%
Santa Clara,Luther Burbank,4369542,0,0,0,0,0,0,0,0,0,0,0,**
Santa Clara,Milpitas Unified,4373387,18,0,5,3,6,9,4,1,0,46,3173,1.4%
Santa Clara,Moreland,4369575,0,0,0,0,0,0,0,0,0,0,0,**
Santa Clara,Morgan Hill Unified,4369583,72,1,1,0,5,1,53,2,1,136,2846,4.8%
Santa Clara,Mountain View Whisman,4369591,0,0,0,0,0,0,0,0,0,0,0,**
Santa Clara,Mountain View-Los Altos Union High,4369609,12,0,5,0,0,2,8,1,0,28,3652,0.8%
Santa Clara,Mt. Pleasant Elementary,4369617,0,0,0,0,0,0,0,0,0,0,2,0
Santa Clara,Oak Grove Elementary,4369625,0,0,0,0,0,0,0,0,0,0,0,**
Santa Clara,Orchard Elementary,4369633,0,0,0,0,0,0,0,0,0,0,0,**
Santa Clara,Palo Alto Unified,4369641,9,0,11,0,1,6,25,4,0,56,3774,1.5%
Santa Clara,San Jose Unified,4369666,185,3,6,1,2,13,46,5,4,265,10334,2.6%
Santa Clara,Santa Clara County Office of Education,4310439,191,1,16,3,7,15,38,3,2,276,1875,14.7%
Santa Clara,Santa Clara Unified,4369674,96,2,22,3,7,5,36,5,0,176,4280,4.1%
Santa Clara,Saratoga Union Elementary,4369682,0,0,0,0,0,0,0,0,0,0,0,**
Santa Clara,Sunnyvale,4369690,0,0,0,0,0,0,0,0,0,0,0,**
Santa Clara,Union Elementary,4369708,0,0,0,0,0,0,0,0,0,0,1,0
Santa Cruz,Live Oak Elementary,4469765,0,0,0,0,0,0,0,0,0,0,150,0
Santa Cruz,Pajaro Valley Unified,4469799,125,0,2,0,1,0,16,0,0,144,5409,2.7%
Santa Cruz,San Lorenzo Valley Unified,4469807,1,0,0,0,0,0,2,0,0,3,1081,0.3%
Santa Cruz,Santa Cruz City High,4469823,23,0,2,0,0,0,29,3,2,59,3535,1.7%
Santa Cruz,Santa Cruz County Office of Education,4410447,86,1,0,0,1,3,56,5,9,161,886,18.2%
Santa Cruz,Scotts Valley Unified,4475432,0,0,0,0,0,0,4,0,0,4,776,0.5%
Santa Cruz,Soquel Union Elementary,4469849,0,0,0,0,0,0,0,0,0,0,1,0
Shasta,Anderson Union High,4569856,10,8,0,0,0,1,62,6,0,87,2034,4.3%
Shasta,Bella Vista Elementary,4569872,0,0,0,0,0,0,0,0,0,0,0,**
Shasta,Black Butte Union Elementary,4569880,0,0,0,0,0,0,0,0,0,0,0,**
Shasta,Cascade Union Elementary,4569914,0,0,0,0,0,0,0,0,0,0,0,**
Shasta,Castle Rock Union Elementary,4569922,0,0,0,0,0,0,0,0,0,0,0,**
Shasta,Columbia Elementary,4569948,0,0,0,0,0,0,0,0,0,0,0,**
Shasta,Cottonwood Union Elementary,4569955,0,0,0,0,0,0,0,0,0,0,0,**
Shasta,Enterprise Elementary,4569971,0,0,0,0,0,0,0,0,0,0,0,**
Shasta,Fall River Joint Unified,4569989,0,3,0,0,0,0,3,1,0,7,325,2.2%
Shasta,French Gulch-Whiskeytown Elementary,4569997,0,0,0,0,0,0,0,0,0,0,0,**
Shasta,Gateway Unified,4575267,6,3,0,0,0,0,20,0,0,29,1138,2.5%
Shasta,Grant Elementary,4570003,0,0,0,0,0,0,0,0,0,0,0,**
Shasta,Happy Valley Union Elementary,4570011,0,0,0,0,0,0,0,0,0,0,0,**
Shasta,"Igo, Ono, Platina Union Elementary",4570029,0,0,0,0,0,0,0,0,0,0,0,**
Shasta,Indian Springs Elementary,4570037,0,0,0,0,0,0,0,0,0,0,0,**
Shasta,Junction Elementary,4570045,0,0,0,0,0,0,0,0,0,0,0,**
Shasta,Millville Elementary,4570052,0,0,0,0,0,0,0,0,0,0,0,**
Shasta,Mountain Union Elementary,4573700,0,0,0,0,0,0,0,0,0,0,0,**
Shasta,North Cow Creek Elementary,4570078,0,0,0,0,0,0,0,0,0,0,0,**
Shasta,Oak Run Elementary,4570086,0,0,0,0,0,0,0,0,0,0,0,**
Shasta,Pacheco Union Elementary,4570094,0,0,0,0,0,0,0,0,0,0,0,**
Shasta,Redding Elementary,4570110,0,0,0,0,0,0,0,0,0,0,79,0
Shasta,Shasta County Office of Education,4510454,8,4,0,0,0,8,37,2,0,59,202,29.2%
Shasta,Shasta Union Elementary,4570128,0,0,0,0,0,0,0,0,0,0,0,**
Shasta,Shasta Union High,4570136,9,3,4,1,1,1,46,0,1,66,5301,1.2%
Shasta,Whitmore Union Elementary,4570169,0,0,0,0,0,0,0,0,0,0,0,**
Sierra,Sierra County Office of Education,4610462,0,0,0,0,0,0,0,0,0,0,0,**
Sierra,Sierra-Plumas Joint Unified,4670177,0,0,0,0,0,0,2,0,0,2,143,1.4%
Siskiyou,Big Springs Union Elementary,4770185,0,0,0,0,0,0,0,0,0,0,0,**
Siskiyou,Butte Valley Unified,4773684,1,0,0,0,0,0,0,0,1,2,90,2.2%
Siskiyou,Butteville Union Elementary,4770201,0,0,0,0,0,0,0,0,0,0,0,**
Siskiyou,Delphic Elementary,4770227,0,0,0,0,0,0,0,0,0,0,0,**
Siskiyou,Dunsmuir Elementary,4770243,0,0,0,0,0,0,0,0,0,0,0,**
Siskiyou,Dunsmuir Joint Union High,4770250,0,0,0,0,0,0,1,0,0,1,82,1.2%
Siskiyou,Forks of Salmon Elementary,4770292,0,0,0,0,0,0,0,0,0,0,0,**
Siskiyou,Gazelle Union Elementary,4770318,0,0,0,0,0,0,0,0,0,0,0,**
Siskiyou,Grenada Elementary,4770326,0,0,0,0,0,0,0,0,0,0,0,**
Siskiyou,Happy Camp Union Elementary,4770334,0,0,0,0,0,0,0,0,0,0,0,**
Siskiyou,Hornbrook Elementary,4770359,0,0,0,0,0,0,0,0,0,0,0,**
Siskiyou,Junction Elementary,4770367,0,0,0,0,0,0,0,0,0,0,0,**
Siskiyou,Klamath River Union Elementary,4770375,0,0,0,0,0,0,0,0,0,0,0,**
Siskiyou,McCloud Union Elementary,4770409,0,0,0,0,0,0,0,0,0,0,0,**
Siskiyou,Montague Elementary,4770417,0,0,0,0,0,0,0,0,0,0,0,**
Siskiyou,Mt. Shasta Union Elementary,4770425,0,0,0,0,0,0,0,0,0,0,0,**
Siskiyou,Scott Valley Unified,4776455,1,0,0,0,0,0,1,0,0,2,205,1%
Siskiyou,Seiad Elementary,4770458,0,0,0,0,0,0,0,0,0,0,0,**
Siskiyou,Siskiyou County Office of Education,4710470,3,0,0,0,0,2,3,3,0,11,147,7.5%
Siskiyou,Siskiyou Union High,4770466,2,1,0,0,0,0,5,0,0,8,622,1.3%
Siskiyou,Weed Union Elementary,4770482,0,0,0,0,0,0,0,0,0,0,0,**
Siskiyou,Willow Creek Elementary,4770490,0,0,0,0,0,0,0,0,0,0,0,**
Siskiyou,Yreka Union Elementary,4770508,0,0,0,0,0,0,0,0,0,0,0,**
Siskiyou,Yreka Union High,4770516,1,1,0,0,0,0,2,1,0,5,695,0.7%
Solano,Benicia Unified,4870524,6,0,1,0,4,0,4,1,0,16,1742,0.9%
Solano,Dixon Unified,4870532,21,0,1,1,0,2,19,1,0,45,1261,3.6%
Solano,Fairfield-Suisun Unified,4870540,51,2,7,1,2,24,20,4,0,111,6575,1.7%
Solano,SBE - Dixon Montessori Charter,4876661,0,0,0,0,0,0,0,0,0,0,0,**
Solano,Solano County Office of Education,4810488,63,0,0,2,1,31,11,7,2,117,320,36.6%
Solano,Travis Unified,4870565,5,0,1,0,0,0,2,0,0,8,1728,0.5%
Solano,Vacaville Unified,4870573,41,1,2,1,3,8,51,5,1,113,4354,2.6%
Solano,Vallejo City Unified,4870581,156,6,14,10,45,255,48,12,20,566,4494,12.6%
Sonoma,Cloverdale Unified,4970656,9,2,0,0,0,0,10,0,0,21,460,4.6%
Sonoma,Cotati-Rohnert Park Unified,4973882,21,1,0,0,1,4,40,4,1,72,1958,3.7%
Sonoma,Forestville Union Elementary,4970680,0,0,0,0,0,0,0,0,0,0,3,0
Sonoma,Fort Ross Elementary,4970698,0,0,0,0,0,0,0,0,0,0,0,**
Sonoma,Geyserville Unified,4970706,0,0,0,0,0,0,0,0,0,0,76,0
Sonoma,Gravenstein Union Elementary,4970714,0,0,0,0,0,0,0,0,0,0,0,**
Sonoma,Guerneville Elementary,4970722,0,0,0,0,0,0,0,0,0,0,0,**
Sonoma,Harmony Union Elementary,4970730,2,1,0,0,1,0,9,0,0,13,221,5.9%
Sonoma,Healdsburg Unified,4975390,10,0,0,0,0,0,3,0,0,13,745,1.7%
Sonoma,Horicon Elementary,4970763,0,0,0,0,0,0,0,0,0,0,0,**
Sonoma,Kashia Elementary,4970888,0,0,0,0,0,0,0,0,0,0,0,**
Sonoma,Liberty Elementary,4970797,3,0,4,2,3,7,25,0,2,46,411,11.2%
Sonoma,Mark West Union Elementary,4970805,0,0,0,0,0,0,0,0,0,0,0,**
Sonoma,Monte Rio Union Elementary,4970813,0,0,0,0,0,0,0,0,0,0,0,**
Sonoma,Montgomery Elementary,4970821,0,0,0,0,0,0,0,0,0,0,0,**
Sonoma,Oak Grove Union Elementary,4970839,4,1,2,0,0,0,9,0,0,16,25,64%
Sonoma,Old Adobe Union,4970847,0,0,0,0,0,0,0,0,0,0,1,0
Sonoma,Petaluma City Elementary,4970854,0,0,0,0,0,0,0,0,0,0,0,**
Sonoma,Petaluma Joint Union High,4970862,19,2,2,0,0,0,15,0,0,38,3295,1.2%
Sonoma,Piner-Olivet Union Elementary,4970870,5,0,0,0,0,0,2,0,0,7,90,7.8%
Sonoma,Rincon Valley Union Elementary,4970896,0,0,0,0,0,0,0,0,0,0,0,**
Sonoma,Roseland,4970904,7,0,0,0,0,1,0,0,0,8,397,2%
Sonoma,Santa Rosa Elementary,4970912,0,0,0,0,0,0,0,0,0,0,0,**
Sonoma,Santa Rosa High,4970920,137,9,7,3,4,10,64,12,1,247,8140,3%
Sonoma,Sebastopol Union Elementary,4970938,0,0,0,0,0,0,0,0,0,0,0,**
Sonoma,Sonoma County Office of Education,4910496,60,9,1,1,1,4,48,0,2,126,577,21.8%
Sonoma,Sonoma Valley Unified,4970953,5,0,0,0,0,0,9,0,0,14,1392,1%
Sonoma,Twin Hills Union Elementary,4970961,0,0,0,0,0,0,0,0,0,0,91,0
Sonoma,West Sonoma County Union High,4970607,7,1,1,0,0,2,23,1,0,35,2181,1.6%
Sonoma,Windsor Unified,4975358,22,3,3,3,2,4,33,0,0,70,1951,3.6%
Sonoma,Wright Elementary,4971035,0,0,0,0,0,0,0,0,0,0,1,0
Stanislaus,Ceres Unified,5071043,60,5,3,1,1,4,26,1,1,102,3653,2.8%
Stanislaus,Chatom Union,5071050,0,0,0,0,0,0,0,0,0,0,0,**
Stanislaus,Denair Unified,5071068,25,2,1,0,0,2,25,2,1,58,656,8.8%
Stanislaus,Empire Union Elementary,5071076,0,0,0,0,0,0,0,0,0,0,0,**
Stanislaus,Gratton Elementary,5071084,0,0,0,0,0,0,0,0,0,0,0,**
Stanislaus,Hart-Ransom Union Elementary,5071092,0,0,0,0,0,0,0,0,0,0,0,**
Stanislaus,Hickman Community Charter,5071100,0,0,0,0,0,0,0,0,0,0,5,0
Stanislaus,Hughson Unified,5075549,6,0,0,0,0,1,2,0,0,9,792,1.1%
Stanislaus,Keyes Union,5071134,0,0,0,0,0,0,1,0,0,1,119,0.8%
Stanislaus,Knights Ferry Elementary,5071142,0,0,0,0,0,0,0,0,0,0,0,**
Stanislaus,Modesto City Elementary,5071167,0,0,0,0,0,0,0,0,0,0,0,**
Stanislaus,Modesto City High,5071175,313,7,28,2,2,30,136,23,9,550,14735,3.7%
Stanislaus,Newman-Crows Landing Unified,5073601,13,1,0,0,1,0,4,0,0,19,823,2.3%
Stanislaus,Oakdale Joint Unified,5075564,11,1,0,0,0,0,11,0,0,23,1843,1.2%
Stanislaus,Paradise Elementary,5071209,0,0,0,0,0,0,0,0,0,0,0,**
Stanislaus,Patterson Joint Unified,5071217,38,0,0,0,0,1,6,0,1,46,1759,2.6%
Stanislaus,Riverbank Unified,5075556,17,0,0,0,0,0,7,0,0,24,759,3.2%
Stanislaus,Roberts Ferry Union Elementary,5071233,0,0,0,0,0,0,0,0,0,0,0,**
Stanislaus,Salida Union Elementary,5071266,0,0,0,0,0,0,0,0,0,0,0,**
Stanislaus,SBE - Aspire Vanguard College Preparatory Academy,5076638,0,0,0,0,0,0,0,0,0,0,70,0
Stanislaus,Shiloh Elementary,5071274,0,0,0,0,0,0,0,0,0,0,0,**
Stanislaus,Stanislaus County Office of Education,5010504,188,7,6,2,0,18,102,0,6,329,1167,28.2%
Stanislaus,Stanislaus Union Elementary,5071282,0,0,0,0,0,0,0,0,0,0,0,**
Stanislaus,Sylvan Union Elementary,5071290,0,0,0,0,0,0,0,0,0,0,0,**
Stanislaus,Turlock Unified,5075739,58,2,2,1,0,7,59,0,0,129,4688,2.8%
Stanislaus,Valley Home Joint Elementary,5071324,0,0,0,0,0,0,0,0,0,0,0,**
Stanislaus,Waterford Unified,5075572,19,0,0,0,0,3,9,0,2,33,1287,2.6%
Sutter,Brittan Elementary,5171357,0,0,0,0,0,0,0,0,0,0,0,**
Sutter,Browns Elementary,5171365,0,0,0,0,0,0,0,0,0,0,0,**
Sutter,East Nicolaus Joint Union High,5171373,1,0,0,0,0,0,5,1,0,7,333,2.1%
Sutter,Franklin Elementary,5171381,0,0,0,0,0,0,0,0,0,0,0,**
Sutter,Live Oak Unified,5171399,1,1,1,0,0,1,2,0,0,6,558,1.1%
Sutter,Marcum-Illinois Union Elementary,5171407,1,0,0,0,0,0,2,0,0,3,622,0.5%
Sutter,Meridian Elementary,5171415,0,0,0,0,0,0,0,0,0,0,0,**
Sutter,Nuestro Elementary,5171423,2,0,0,0,0,3,18,0,1,24,236,10.2%
Sutter,Pleasant Grove Joint Union,5171431,0,0,0,0,0,0,0,0,0,0,0,**
Sutter,Sutter County Office of Education,5110512,11,0,0,0,0,2,18,1,1,33,240,13.8%
Sutter,Sutter Union High,5171449,2,0,0,0,0,1,9,0,0,12,715,1.7%
Sutter,Winship-Robbins,5171456,0,0,0,0,0,0,0,0,0,0,0,**
Sutter,Yuba City Unified,5171464,30,2,21,2,0,4,32,7,0,98,3806,2.6%
Tehama,Antelope Elementary,5271472,0,0,0,0,0,0,0,0,0,0,0,**
Tehama,Bend Elementary,5271480,0,0,0,0,0,0,0,0,0,0,0,**
Tehama,Corning Union Elementary,5271498,0,0,0,0,0,0,0,0,0,0,3,0
Tehama,Corning Union High,5271506,13,0,3,0,0,0,10,0,0,26,1038,2.5%
Tehama,Elkins Elementary,5271514,0,0,0,0,0,0,0,0,0,0,0,**
Tehama,Evergreen Union,5271522,0,0,0,0,0,0,0,0,0,0,0,**
Tehama,Flournoy Union Elementary,5271530,0,0,0,0,0,0,0,0,0,0,0,**
Tehama,Gerber Union Elementary,5271548,0,0,0,0,0,0,0,0,0,0,0,**
Tehama,Kirkwood Elementary,5271555,0,0,0,0,0,0,0,0,0,0,0,**
Tehama,Lassen View Union Elementary,5271563,0,0,0,0,0,0,0,0,0,0,0,**
Tehama,Los Molinos Unified,5271571,0,0,0,0,0,0,5,0,0,5,190,2.6%
Tehama,Manton Joint Union Elementary,5271589,0,0,0,0,0,0,0,0,0,0,0,**
Tehama,Mineral Elementary,5271605,0,0,0,0,0,0,23,1,0,24,111,21.6%
Tehama,Plum Valley Elementary,5271613,0,0,0,0,0,0,0,0,0,0,0,**
Tehama,Red Bluff Joint Union High,5271639,11,4,0,0,0,0,48,1,0,64,1775,3.6%
Tehama,Red Bluff Union Elementary,5271621,0,0,0,0,0,0,0,0,0,0,0,**
Tehama,Reeds Creek Elementary,5271647,0,0,0,0,0,0,0,0,0,0,0,**
Tehama,Richfield Elementary,5271654,0,0,0,0,0,0,0,0,0,0,0,**
Tehama,Tehama County Office of Education,5210520,5,0,0,0,0,0,5,0,0,10,59,16.9%
Trinity,Burnt Ranch Elementary,5371662,0,0,0,0,0,0,0,0,0,0,0,**
Trinity,Coffee Creek Elementary,5371670,0,0,0,0,0,0,0,0,0,0,0,**
Trinity,Cox Bar Elementary,5371688,0,0,0,0,0,0,0,0,0,0,0,**
Trinity,Douglas City Elementary,5371696,0,0,0,0,0,0,0,0,0,0,0,**
Trinity,Junction City Elementary,5371738,0,0,0,0,0,0,0,0,0,0,0,**
Trinity,Lewiston Elementary,5371746,0,0,0,0,0,0,0,0,0,0,0,**
Trinity,Mountain Valley Unified,5375028,0,0,0,0,0,0,0,0,0,0,110,0
Trinity,Southern Trinity Joint Unified,5373833,0,0,0,0,0,0,0,0,0,0,37,0
Trinity,Trinity Alps Unified,5376513,0,0,0,0,0,0,0,0,0,0,407,0
Trinity,Trinity Center Elementary,5371761,0,0,0,0,0,0,0,0,0,0,0,**
Trinity,Trinity County Office of Education,5310538,1,0,0,0,0,0,0,0,0,1,5,20%
Tulare,Allensworth Elementary,5471795,0,0,0,0,0,0,0,0,0,0,0,**
Tulare,Alpaugh Unified,5471803,4,0,0,1,0,1,6,1,0,13,172,7.6%
Tulare,Alta Vista Elementary,5471811,0,0,0,0,0,0,0,0,0,0,0,**
Tulare,Buena Vista Elementary,5471829,0,0,0,0,0,0,0,0,0,0,0,**
Tulare,Burton Elementary,5471837,16,0,0,0,0,0,6,0,1,23,241,9.5%
Tulare,Columbine Elementary,5471852,0,0,0,0,0,0,0,0,0,0,0,**
Tulare,Cutler-Orosi Joint Unified,5471860,37,0,0,0,1,0,3,0,0,41,1103,3.7%
Tulare,Dinuba Unified,5475531,21,0,0,0,0,0,8,0,0,29,2080,1.4%
Tulare,Ducor Union Elementary,5471894,0,0,0,0,0,0,0,0,0,0,0,**
Tulare,Earlimart Elementary,5471902,0,0,0,0,0,0,0,0,0,0,0,**
Tulare,Exeter Union Elementary,5471910,0,0,0,0,0,0,0,0,0,0,1,0
Tulare,Exeter Union High,5471928,35,0,1,0,0,1,19,0,0,56,1100,5.1%
Tulare,Farmersville Unified,5475325,18,0,0,0,0,0,1,0,0,19,753,2.5%
Tulare,Hope Elementary,5471944,0,0,0,0,0,0,0,0,0,0,0,**
Tulare,Hot Springs Elementary,5471951,0,0,0,0,0,0,0,0,0,0,0,**
Tulare,Kings River Union Elementary,5471969,0,0,0,0,0,0,0,0,0,0,0,**
Tulare,Liberty Elementary,5471985,0,0,0,0,0,0,1,0,0,1,0,**
Tulare,Lindsay Unified,5471993,56,0,1,0,0,1,9,0,0,67,1166,5.7%
Tulare,Monson-Sultana Joint Union Elementary,5472009,0,0,0,0,0,0,0,0,0,0,0,**
Tulare,Oak Valley Union Elementary,5472017,0,0,0,0,0,0,0,0,0,0,0,**
Tulare,Outside Creek Elementary,5472025,0,0,0,0,0,0,0,0,0,0,0,**
Tulare,Palo Verde Union Elementary,5472033,0,0,0,0,0,0,0,0,0,0,0,**
Tulare,Pixley Union Elementary,5472041,0,0,0,0,0,0,0,0,0,0,0,**
Tulare,Pleasant View Elementary,5472058,0,0,0,0,0,0,0,0,0,0,0,**
Tulare,Porterville Unified,5475523,188,11,3,1,1,2,55,1,2,264,6240,4.2%
Tulare,Richgrove Elementary,5472082,0,0,0,0,0,0,0,0,0,0,0,**
Tulare,Rockford Elementary,5472090,0,0,0,0,0,0,0,0,0,0,0,**
Tulare,Saucelito Elementary,5472108,0,0,0,0,0,0,0,0,0,0,0,**
Tulare,Sequoia Union Elementary,5472116,0,0,0,0,0,0,0,0,0,0,1,0
Tulare,Springville Union Elementary,5472132,0,0,0,0,0,0,0,0,0,0,0,**
Tulare,Stone Corral Elementary,5472140,57,0,0,3,0,6,33,0,1,100,241,41.5%
Tulare,Strathmore Union Elementary,5472157,0,0,0,0,0,0,0,0,0,0,0,**
Tulare,Sundale Union Elementary,5472173,0,0,0,0,0,0,0,0,0,0,0,**
Tulare,Sunnyside Union Elementary,5472181,0,0,0,0,0,0,0,0,0,0,0,**
Tulare,Terra Bella Union Elementary,5472199,0,0,0,0,0,0,0,0,0,0,0,**
Tulare,Three Rivers Union Elementary,5472207,0,0,0,0,0,0,0,0,0,0,0,**
Tulare,Tipton Elementary,5472215,0,0,0,0,0,0,0,0,0,0,0,**
Tulare,Traver Joint Elementary,5472223,0,0,0,0,0,0,0,0,0,0,0,**
Tulare,Tulare City,5472231,0,0,0,0,0,0,0,0,0,0,0,**
Tulare,Tulare County Office of Education,5410546,97,2,2,0,0,7,25,1,2,136,1064,12.8%
Tulare,Tulare Joint Union High,5472249,141,2,3,0,0,12,38,1,0,197,5237,3.8%
Tulare,Visalia Unified,5472256,121,3,4,0,0,7,35,1,4,175,8165,2.1%
Tulare,Waukena Joint Union Elementary,5472264,0,0,0,0,0,0,0,0,0,0,0,**
Tulare,Woodlake Unified,5476794,16,0,0,0,0,0,7,0,7,30,0,**
Tulare,Woodlake Union Elementary,5472272,0,0,0,0,0,0,0,0,0,0,0,**
Tulare,Woodlake Union High,5472280,0,0,0,0,0,0,0,0,0,0,799,0
Tulare,Woodville Union Elementary,5472298,0,0,0,0,0,0,0,0,0,0,0,**
Tuolumne,Belleview Elementary,5572306,0,0,0,0,0,0,0,0,0,0,0,**
Tuolumne,Big Oak Flat-Groveland Unified,5575184,0,0,0,0,0,0,8,0,1,9,112,8%
Tuolumne,Columbia Union,5572348,0,0,0,0,0,0,0,0,0,0,0,**
Tuolumne,Curtis Creek Elementary,5572355,0,0,0,0,0,0,0,0,0,0,0,**
Tuolumne,Jamestown Elementary,5572363,1,0,0,0,0,0,1,0,0,2,94,2.1%
Tuolumne,Sonora Elementary,5572371,0,0,0,0,0,0,0,0,0,0,0,**
Tuolumne,Sonora Union High,5572389,2,2,0,0,0,0,11,1,0,16,1256,1.3%
Tuolumne,Soulsbyville Elementary,5572397,0,0,0,0,0,0,0,0,0,0,0,**
Tuolumne,Summerville Elementary,5572405,0,0,0,0,0,0,0,0,0,0,0,**
Tuolumne,Summerville Union High,5572413,4,1,0,0,1,0,17,1,5,29,691,4.2%
Tuolumne,Tuolumne County Superintendent of Schools,5510553,1,2,0,0,0,0,10,0,0,13,80,16.3%
Tuolumne,Twain Harte-Long Barn Union Elementary,5572421,0,0,0,0,0,0,0,0,0,0,0,**
Ventura,Briggs Elementary,5672447,0,0,0,0,0,0,0,0,0,0,0,**
Ventura,CEA Ventura Co,5632276,0,0,0,0,0,0,0,0,0,0,213,0
Ventura,Conejo Valley Unified,5673759,22,0,2,0,1,4,26,0,0,55,7629,0.7%
Ventura,Fillmore Unified,5672454,24,1,0,0,0,1,0,0,0,26,1166,2.2%
Ventura,Hueneme Elementary,5672462,0,0,0,0,0,0,0,0,0,0,0,**
Ventura,Mesa Union Elementary,5672470,8,0,1,0,0,2,5,0,0,16,125,12.8%
Ventura,Moorpark Unified,5673940,32,1,0,0,0,0,21,0,0,54,2519,2.1%
Ventura,Mupu Elementary,5672504,0,0,0,0,0,0,0,0,0,0,0,**
Ventura,Oak Park Unified,5673874,0,0,0,0,0,1,0,0,0,1,1522,0.1%
Ventura,Ocean View,5672512,0,0,0,0,0,0,0,0,0,0,0,**
Ventura,Ojai Unified,5672520,8,0,0,0,0,0,12,0,0,20,955,2.1%
Ventura,Oxnard,5672538,0,0,0,0,0,0,0,0,0,0,0,**
Ventura,Oxnard Union High,5672546,450,1,5,1,8,19,60,4,0,548,16213,3.4%
Ventura,Pleasant Valley,5672553,0,0,0,0,0,0,0,0,0,0,0,**
Ventura,Rio Elementary,5672561,0,0,0,0,0,0,0,0,0,0,0,**
Ventura,Santa Paula Elementary,5672587,0,0,0,0,0,0,0,0,0,0,0,**
Ventura,Santa Paula Union High,5672595,28,0,0,0,0,0,1,0,0,29,1593,1.8%
Ventura,Simi Valley Unified,5672603,42,0,8,0,0,1,71,2,0,124,6437,1.9%
Ventura,Somis Union,5672611,2,0,0,0,0,0,10,0,0,12,72,16.7%
Ventura,Ventura County Office of Education,5610561,333,3,2,2,0,12,83,0,0,435,1068,40.7%
Ventura,Ventura Unified,5672652,90,1,2,1,0,4,42,4,0,144,5723,2.5%
Yolo,Davis Joint Unified,5772678,5,0,1,0,0,0,9,2,0,17,2922,0.6%
Yolo,Esparto Unified,5772686,11,1,0,0,0,2,0,0,0,14,330,4.2%
Yolo,Washington Unified,5772694,21,1,6,0,0,5,12,1,0,46,2255,2%
Yolo,Winters Joint Unified,5772702,10,0,0,0,0,0,2,0,0,12,561,2.1%
Yolo,Woodland Joint Unified,5772710,52,0,4,0,0,0,16,2,0,74,3129,2.4%
Yolo,Yolo County Office of Education,5710579,63,0,0,0,0,2,13,2,0,80,253,31.6%
Yuba,Camptonville Elementary,5872728,0,0,0,0,0,0,2,0,0,2,129,1.6%
Yuba,Marysville Joint Unified,5872736,37,7,5,2,1,9,51,2,1,115,2698,4.3%
Yuba,Plumas Lake Elementary,5872744,0,0,0,0,0,0,0,0,0,0,0,**
Yuba,Wheatland,5872751,0,0,0,0,0,0,0,0,0,0,0,**
Yuba,Wheatland Union High,5872769,3,0,1,0,0,1,1,1,0,7,743,0.9%
Yuba,Yuba County Office of Education,5810587,36,9,1,0,0,2,51,4,0,103,430,24%